<?xml version="1.0" encoding="UTF-8"?>
<process name="GET__company__companyId__estimate__entityId_" ns2:processKey="bpel:c81fde35-f229-11e4-b945-869d084cbfc5" targetNamespace="https://quickbooks.api.intuit.com/v3" xmlns="http://schemas.xmlsoap.org/ws/2003/03/business-process/" xmlns:ns10="http://soa.com/capabilities/service/virtualization/bpel/activity" xmlns:ns2="http://soa.com/bpel/ext" xmlns:ns3="http://soa.com/capabilities/service/virtualization/bpel" xmlns:ns4="http://schemas.xmlsoap.org/ws/2006/02/addressingidentity" xmlns:ns5="http://www.w3.org/2000/09/xmldsig#" xmlns:ns6="http://docs.oasis-open.org/wss/2004/01/oasis-200401-wss-wssecurity-secext-1.0.xsd" xmlns:ns7="http://docs.oasis-open.org/wss/2004/01/oasis-200401-wss-wssecurity-utility-1.0.xsd" xmlns:ns8="http://schemas.xmlsoap.org/ws/2004/09/mex" xmlns:ns9="http://schemas.xmlsoap.org/ws/2003/05/partner-link/"><ns9:partnerLinkType name="Quickbooks_API_Hook_PortTypeProvider"><ns9:role name="Provider"><ns9:portType name="ns11:Quickbooks_API_Hook_PortType" xmlns:ns11="https://quickbooks.api.intuit.com/v3"/></ns9:role></ns9:partnerLinkType><ns9:partnerLinkType name="Quickbooks_API_Hook_PortTypeConsumer"><ns9:role name="Consumer"><ns9:portType name="ns11:Quickbooks_API_Hook_PortType" xmlns:ns11="https://quickbooks.api.intuit.com/v3"/></ns9:role></ns9:partnerLinkType><partnerLinks><partnerLink myRole="Quickbooks_API_Hook_PortType" name="initial" partnerLinkType="ns11:Quickbooks_API_Hook_PortTypeProvider" xmlns:ns11="https://quickbooks.api.intuit.com/v3"/><partnerLink myRole="Consumer" name="nextHop" partnerLinkType="ns11:Quickbooks_API_Hook_PortTypeConsumer" partnerRole="Quickbooks_API_Hook_PortTypeNextHop" xmlns:ns11="https://quickbooks.api.intuit.com/v3"/></partnerLinks><variables><variable messageType="ns11:ActivityMessage" name="message" xmlns:ns11="http://soa.com/process/activity"/><variable messageType="ns11:ActivityMessage" name="fault" xmlns:ns11="http://soa.com/process/activity"/></variables><faultHandlers><catchAll><sequence><reply faultName="ns2:ExistingFault" name="FaultReply" operation="GET__company__companyId__estimate__entityId_" partnerLink="initial" portType="ns11:Quickbooks_API_Hook_PortType" variable="fault" xmlns:ns11="https://quickbooks.api.intuit.com/v3"/></sequence></catchAll></faultHandlers><sequence><receive createInstance="yes" name="Receive" operation="GET__company__companyId__estimate__entityId_" partnerLink="initial" portType="ns11:Quickbooks_API_Hook_PortType" variable="message" xmlns:ns11="https://quickbooks.api.intuit.com/v3"/><invoke inputVariable="message" name="Invoke" operation="GET__company__companyId__estimate__entityId_" outputVariable="message" partnerLink="nextHop" portType="ns11:Quickbooks_API_Hook_PortType" xmlns:ns11="https://quickbooks.api.intuit.com/v3"><ns2:InvocationExt service="ns11:Quickbooks_API_Hook"/></invoke><reply name="Reply" operation="GET__company__companyId__estimate__entityId_" partnerLink="initial" portType="ns11:Quickbooks_API_Hook_PortType" variable="message" xmlns:ns11="https://quickbooks.api.intuit.com/v3"/></sequence></process>