<?xml version="1.0" encoding="UTF-8"?>
<process name="getAuthToken" ns11:description="" ns11:name="getAuthToken" ns11:orgKey="uddi:63922357-efb8-11e4-b945-869d084cbfc5" ns2:processKey="bpel:f8741ea9-efc6-11e4-b945-869d084cbfc5" targetNamespace="http://soa.com/processs" xmlns="http://schemas.xmlsoap.org/ws/2003/03/business-process/" xmlns:ns10="http://soa.com/capabilities/service/virtualization/bpel/activity" xmlns:ns11="http://soa.com/bpel/export" xmlns:ns2="http://soa.com/bpel/ext" xmlns:ns3="http://soa.com/capabilities/service/virtualization/bpel" xmlns:ns4="http://schemas.xmlsoap.org/ws/2006/02/addressingidentity" xmlns:ns5="http://www.w3.org/2000/09/xmldsig#" xmlns:ns6="http://docs.oasis-open.org/wss/2004/01/oasis-200401-wss-wssecurity-secext-1.0.xsd" xmlns:ns7="http://docs.oasis-open.org/wss/2004/01/oasis-200401-wss-wssecurity-utility-1.0.xsd" xmlns:ns8="http://schemas.xmlsoap.org/ws/2004/09/mex" xmlns:ns9="http://schemas.xmlsoap.org/ws/2003/05/partner-link/"><ns9:partnerLinkType name="ActivityPortTypeConsumer"><ns9:role name="Consumer"><ns9:portType name="ns10:ActivityPortType"/></ns9:role></ns9:partnerLinkType><ns10:Activities><ns10:Activity ActivityType="ns12:ScriptedActivity" LastUpdated="1430704038838" Name="ConfigAccessTokenRequest" xmlns:ns12="http://soa.com/uri/products/activity/script/xsd/1.0"><ns2:ScriptedActivity xmlns="http://soa.com/uri/products/activity/audit/xsd/1.0" xmlns:ns11="http://soa.com/uri/products/activity/script/xsd/1.0" xmlns:ns2="http://soa.com/uri/products/activity/script/xsd/1.0" xmlns:ns3="http://soa.com/uri/products/activity/stripxml/xsd/1.0" xmlns:ns4="http://soa.com/uri/products/activity/xform/xsd/1.0" xmlns:ns5="http://soa.com/uri/products/activity/process/xsd/1.0" xmlns:ns6="http://soa.com/uri/products/activity/insertxml/xsd/1.0" xmlns:ns7="http://soa.com/uri/products/activity/insertcontent/xsd/1.0"><ns11:Language>js</ns11:Language><ns11:Script>// *************************************************************
// *************************************************************
// **
// **  create OAuth token request
// **
// **  get the authenticated request token from the re-direct from the 
// **  OAuth Auth Server and create Access token request
// **
// *************************************************************
// *************************************************************
auditLog.debug("Start Config OAuth Access Token Request");


var aTokenRequest = msgFactory.create("application/json");
var cache = QuickbooksHook.glbCacheMgr.getCache("qb_hook");
var oauthTokenSecret = String(cache.get("oauth_token_secret"));
var appKey = String(cache.get("oauth_consumer_key"));
var appSecret = String(cache.get("oauth_consumer_secret"));

//Get the URL query
map = {
    message : processContext.getVariable("message"),
    exchange : processContext.getCreatingExchange()
};

var parms = getQueryParameters(map);
var oauthToken = parms.oauth_token;
var oauthVerifier= parms.oauth_verifier; 

var httpMethod = 'POST',
	 url = 'https://oauth.intuit.com/oauth/v1/get_access_token',
	 parameters = {
        oauth_consumer_key : appKey,
        oauth_nonce : randomString(16),
		  oauth_signature_method : 'HMAC-SHA1',
        oauth_timestamp : Math.floor((new Date).getTime()/1000),
		  oauth_token : oauthToken,
		  oauth_verifier : oauthVerifier,
        oauth_version : '1.0'
	 };

//create the OAUth 1.0 HMAC-SHA1 signature
var parmString = String("oauth_consumer_key="+parameters.oauth_consumer_key+"&amp;oauth_nonce="+parameters.oauth_nonce+"&amp;oauth_signature_method="+parameters.oauth_signature_method+"&amp;oauth_timestamp="+parameters.oauth_timestamp+"&amp;oauth_token="+parameters.oauth_token+"&amp;oauth_verifier="+parameters.oauth_verifier+"&amp;oauth_version="+parameters.oauth_version);
auditLog.debug("parmString is: "+parmString);

var baseString = String(httpMethod+"&amp;"+encodeURIComponent(url)+"&amp;"+encodeURIComponent(parmString));
auditLog.debug("baseString is: "+baseString);

var hash = CryptoJS.HmacSHA1(baseString, String(appSecret+'&amp;'+oauthTokenSecret));
auditLog.debug("base signature is: "+hash)
var signature = CryptoJS.enc.Base64.stringify(hash);
auditLog.debug("signature is: "+signature);

//create the request query
var query = String("oauth_consumer_key="+parameters.oauth_consumer_key+"&amp;oauth_nonce="+parameters.oauth_nonce+"&amp;oauth_signature="+ signature+"&amp;oauth_signature_method="+parameters.oauth_signature_method+"&amp;oauth_timestamp="+parameters.oauth_timestamp+"&amp;oauth_token="+parameters.oauth_token+"&amp;oauth_verifier="+parameters.oauth_verifier+"&amp;oauth_version="+parameters.oauth_version);

aTokenRequest.setProperty("com.soa.message.TRANSPORT_QUERY", query);

processContext.setVariable("AccessTokenRequest", aTokenRequest);

auditLog.debug("Done Configuring OAuth Access Token Request");</ns11:Script><ns11:Import>script:0ac70e56-f1f0-11e4-b945-869d084cbfc5</ns11:Import><ns11:Import>script:6d71e0e1-efbb-11e4-b945-869d084cbfc5</ns11:Import><ns11:Import>script:06f90a74-f141-11e4-b945-869d084cbfc5</ns11:Import><ns11:Import>script:2fec3a2e-f147-11e4-b945-869d084cbfc5</ns11:Import><ns11:Import>script:3a82d74e-efc0-11e4-b945-869d084cbfc5</ns11:Import></ns2:ScriptedActivity></ns10:Activity><ns10:Activity ActivityType="ns12:ScriptedActivity" LastUpdated="1430704038839" Name="StoreAuthKey" xmlns:ns12="http://soa.com/uri/products/activity/script/xsd/1.0"><ns2:ScriptedActivity xmlns="http://soa.com/uri/products/activity/audit/xsd/1.0" xmlns:ns11="http://soa.com/uri/products/activity/script/xsd/1.0" xmlns:ns2="http://soa.com/uri/products/activity/script/xsd/1.0" xmlns:ns3="http://soa.com/uri/products/activity/stripxml/xsd/1.0" xmlns:ns4="http://soa.com/uri/products/activity/xform/xsd/1.0" xmlns:ns5="http://soa.com/uri/products/activity/process/xsd/1.0" xmlns:ns6="http://soa.com/uri/products/activity/insertxml/xsd/1.0" xmlns:ns7="http://soa.com/uri/products/activity/insertcontent/xsd/1.0"><ns11:Language>js</ns11:Language><ns11:Script>// *************************************************************
// *************************************************************
// **
// **  Stores the OAuth1 Access Token resulting from the 
// **  3-legged dance
// **
// *************************************************************
// *************************************************************
auditLog.debug("processing the get token request");

var accessTokenResponse = processContext.getVariable("AccessTokenResponse");
auditLog.debug("the result was = " + accessTokenResponse.getContentAsString());

var body = accessTokenResponse.getContentAsString();
var accessToken = body.substring(body.indexOf("oauth_token=")+12);
auditLog.debug("oauth_token is "+accessToken);
var oauthTokenSecret = body.substring(body.indexOf("oauth_token_secret=")+19,body.indexOf("&amp;oauth_token="));
auditLog.debug("oauth_token_secret is "+oauthTokenSecret);

// store the access token in the global cache
var accessMap = new java.util.HashMap();
var key = Math.random().toString(36).slice(2);
accessMap.put("oauth_token", accessToken.toString());
accessMap.put("oauth_token_secret", oauthTokenSecret.toString());

var cache = QuickbooksHook.glbCacheMgr.getCache("qb_hook");
cache.put(key, accessMap, 60*60);

processContext.setVariable("access_key",key);

auditLog.debug("completed processing the get token request");</ns11:Script><ns11:Import>script:6d71e0e1-efbb-11e4-b945-869d084cbfc5</ns11:Import></ns2:ScriptedActivity></ns10:Activity></ns10:Activities><ns9:partnerLinkType name="Quickbooks_OAuth_1.0_API_PortTypeConsumer"><ns9:role name="Consumer"><ns9:portType name="ns12:Quickbooks_OAuth_1.0_API_PortType" xmlns:ns12="https://oauth.intuit.com/oauth/v1"/></ns9:role></ns9:partnerLinkType><partnerLinks><partnerLink myRole="Consumer" name="Activity" partnerLinkType="ns12:ActivityPortTypeConsumer" xmlns:ns12="http://soa.com/processs"/><partnerLink myRole="Consumer" name="Quickbooks_OAuth_1.0_API_PortTypePartnerLink" partnerLinkType="ns12:Quickbooks_OAuth_1.0_API_PortTypeConsumer" xmlns:ns12="http://soa.com/processs"/></partnerLinks><variables><variable messageType="ns12:ActivityMessage" name="message" xmlns:ns12="http://soa.com/process/activity"/><variable messageType="ns12:ActivityMessage" name="fault" xmlns:ns12="http://soa.com/process/activity"/><variable messageType="ns12:ActivityMessage" name="AccessTokenRequest" xmlns:ns12="http://soa.com/process/activity"/><variable messageType="ns12:ActivityMessage" name="AccessTokenResponse" xmlns:ns12="http://soa.com/process/activity"/></variables><sequence><invoke inputVariable="message" name="ConfigAccessTokenRequest" operation="invoke" outputVariable="message" partnerLink="Activity" portType="ns10:ActivityPortType"><ns2:InvocationExt endpoint="ConfigAccessTokenRequest" propagateExchange="true" service="ns10:ActivityService"/></invoke><invoke inputVariable="AccessTokenRequest" name="GetAccessToken" operation="POST__get_access_token" outputVariable="AccessTokenResponse" partnerLink="Quickbooks_OAuth_1.0_API_PortTypePartnerLink" portType="ns12:Quickbooks_OAuth_1.0_API_PortType" xmlns:ns12="https://oauth.intuit.com/oauth/v1"><ns2:InvocationExt service="ns12:Quickbooks_OAuth_1.0_API"><ns2:Audit/></ns2:InvocationExt></invoke><invoke inputVariable="message" name="StoreAuthKey" operation="invoke" outputVariable="message" partnerLink="Activity" portType="ns10:ActivityPortType"><ns2:InvocationExt endpoint="StoreAuthKey" propagateExchange="true" service="ns10:ActivityService"/></invoke></sequence></process>