<?xml version="1.0" encoding="UTF-8"?>
<process name="GET__authorize" ns2:processKey="bpel:9fa3d5e6-efb9-11e4-b945-869d084cbfc5" targetNamespace="https://oauth.intuit.com/oauth/v1" xmlns="http://schemas.xmlsoap.org/ws/2003/03/business-process/" xmlns:ns10="http://soa.com/capabilities/service/virtualization/bpel/activity" xmlns:ns2="http://soa.com/bpel/ext" xmlns:ns3="http://soa.com/capabilities/service/virtualization/bpel" xmlns:ns4="http://schemas.xmlsoap.org/ws/2006/02/addressingidentity" xmlns:ns5="http://www.w3.org/2000/09/xmldsig#" xmlns:ns6="http://docs.oasis-open.org/wss/2004/01/oasis-200401-wss-wssecurity-secext-1.0.xsd" xmlns:ns7="http://docs.oasis-open.org/wss/2004/01/oasis-200401-wss-wssecurity-utility-1.0.xsd" xmlns:ns8="http://schemas.xmlsoap.org/ws/2004/09/mex" xmlns:ns9="http://schemas.xmlsoap.org/ws/2003/05/partner-link/"><ns9:partnerLinkType name="Quickbooks_OAuth_1.0_API_PortTypeProvider"><ns9:role name="Provider"><ns9:portType name="ns11:Quickbooks_OAuth_1.0_API_PortType" xmlns:ns11="https://oauth.intuit.com/oauth/v1"/></ns9:role></ns9:partnerLinkType><ns9:partnerLinkType name="Quickbooks_OAuth_1.0_API_PortTypeConsumer"><ns9:role name="Consumer"><ns9:portType name="ns11:Quickbooks_OAuth_1.0_API_PortType" xmlns:ns11="https://oauth.intuit.com/oauth/v1"/></ns9:role></ns9:partnerLinkType><ns9:partnerLinkType name="ActivityPortTypeConsumer"><ns9:role name="Consumer"><ns9:portType name="ns10:ActivityPortType"/></ns9:role></ns9:partnerLinkType><ns10:Activities><ns10:Activity ActivityType="ns11:ProcessActivity" LastUpdated="1430454695823" Name="getRequestToken" xmlns:ns11="http://soa.com/uri/products/activity/process/xsd/1.0"><ns5:ProcessActivity xmlns="http://soa.com/uri/products/activity/audit/xsd/1.0" xmlns:ns2="http://soa.com/uri/products/activity/script/xsd/1.0" xmlns:ns3="http://soa.com/uri/products/activity/stripxml/xsd/1.0" xmlns:ns4="http://soa.com/uri/products/activity/xform/xsd/1.0" xmlns:ns5="http://soa.com/uri/products/activity/process/xsd/1.0" xmlns:ns6="http://soa.com/uri/products/activity/insertxml/xsd/1.0" xmlns:ns7="http://soa.com/uri/products/activity/insertcontent/xsd/1.0"><ns5:ProcessID>bpel:e8541f36-efba-11e4-b945-869d084cbfc5</ns5:ProcessID></ns5:ProcessActivity></ns10:Activity></ns10:Activities><partnerLinks><partnerLink myRole="Provider" name="initial" partnerLinkType="ns11:Quickbooks_OAuth_1.0_API_PortTypeProvider" xmlns:ns11="https://oauth.intuit.com/oauth/v1"/><partnerLink myRole="Consumer" name="nextHop" partnerLinkType="ns11:Quickbooks_OAuth_1.0_API_PortTypeConsumer" xmlns:ns11="https://oauth.intuit.com/oauth/v1"/><partnerLink myRole="Consumer" name="Activity" partnerLinkType="ns11:ActivityPortTypeConsumer" xmlns:ns11="https://oauth.intuit.com/oauth/v1"/></partnerLinks><variables><variable messageType="ns11:ActivityMessage" name="message" xmlns:ns11="http://soa.com/process/activity"/><variable messageType="ns11:ActivityMessage" name="fault" xmlns:ns11="http://soa.com/process/activity"/></variables><faultHandlers><catchAll><sequence><reply faultName="ns2:ExistingFault" name="FaultReply" operation="GET__authorize" partnerLink="initial" portType="ns11:Quickbooks_OAuth_1.0_API_PortType" variable="fault" xmlns:ns11="https://oauth.intuit.com/oauth/v1"/></sequence></catchAll></faultHandlers><sequence><receive createInstance="yes" name="Receive" operation="GET__authorize" partnerLink="initial" portType="ns11:Quickbooks_OAuth_1.0_API_PortType" variable="message" xmlns:ns11="https://oauth.intuit.com/oauth/v1"/><invoke inputVariable="message" name="getRequestToken" operation="invoke" outputVariable="message" partnerLink="Activity" portType="ns10:ActivityPortType"><ns2:InvocationExt endpoint="getRequestToken" propagateExchange="true" service="ns10:ActivityService"/></invoke><reply name="Reply" operation="GET__authorize" partnerLink="initial" portType="ns11:Quickbooks_OAuth_1.0_API_PortType" variable="message" xmlns:ns11="https://oauth.intuit.com/oauth/v1"/></sequence></process>