<?xml version="1.0" encoding="UTF-8"?>
<process name="GetRequestToken" ns11:description="" ns11:name="getRequestToken" ns11:orgKey="uddi:63922357-efb8-11e4-b945-869d084cbfc5" ns2:processKey="bpel:e8541f36-efba-11e4-b945-869d084cbfc5" targetNamespace="http://soa.com/processs" xmlns="http://schemas.xmlsoap.org/ws/2003/03/business-process/" xmlns:ns10="http://soa.com/capabilities/service/virtualization/bpel/activity" xmlns:ns11="http://soa.com/bpel/export" xmlns:ns2="http://soa.com/bpel/ext" xmlns:ns3="http://soa.com/capabilities/service/virtualization/bpel" xmlns:ns4="http://schemas.xmlsoap.org/ws/2006/02/addressingidentity" xmlns:ns5="http://www.w3.org/2000/09/xmldsig#" xmlns:ns6="http://docs.oasis-open.org/wss/2004/01/oasis-200401-wss-wssecurity-secext-1.0.xsd" xmlns:ns7="http://docs.oasis-open.org/wss/2004/01/oasis-200401-wss-wssecurity-utility-1.0.xsd" xmlns:ns8="http://schemas.xmlsoap.org/ws/2004/09/mex" xmlns:ns9="http://schemas.xmlsoap.org/ws/2003/05/partner-link/"><ns9:partnerLinkType name="ActivityPortTypeConsumer"><ns9:role name="Consumer"><ns9:portType name="ns10:ActivityPortType"/></ns9:role></ns9:partnerLinkType><ns10:Activities><ns10:Activity ActivityType="ns12:ScriptedActivity" LastUpdated="1430783215510" Name="ConfigTokenRequest" xmlns:ns12="http://soa.com/uri/products/activity/script/xsd/1.0"><ns2:ScriptedActivity xmlns="http://soa.com/uri/products/activity/audit/xsd/1.0" xmlns:ns11="http://soa.com/uri/products/activity/script/xsd/1.0" xmlns:ns2="http://soa.com/uri/products/activity/script/xsd/1.0" xmlns:ns3="http://soa.com/uri/products/activity/stripxml/xsd/1.0" xmlns:ns4="http://soa.com/uri/products/activity/xform/xsd/1.0" xmlns:ns5="http://soa.com/uri/products/activity/process/xsd/1.0" xmlns:ns6="http://soa.com/uri/products/activity/insertxml/xsd/1.0" xmlns:ns7="http://soa.com/uri/products/activity/insertcontent/xsd/1.0"><ns11:Language>js</ns11:Language><ns11:Script>// *************************************************************
// *************************************************************
// **
// **  create OAuth token request
// **
// **  get client id from the request and build an Oauth 1.0 
// **  Request Token request
// **
// *************************************************************
// *************************************************************
auditLog.debug("Start Config OAuth Request Token config");

var msg = processContext.getVariable("message");

//Get the URL query to get the auth code
var queryString = String(decodeURIComponent(msg.getProperty("com.soa.message.TRANSPORT_QUERY")));
auditLog.debug("the query string = " + queryString);

var appKey = "";
var start = queryString.indexOf("client_id=");
var end = queryString.indexOf("&amp;client_secret=");
if (start != -1) {
	appKey = queryString.substring(start+10,end);
} else {
	throw "no consumer key returned from authorization";
}

var appSecret = "";
var start1 = queryString.indexOf("&amp;client_secret=");
if (start1 != -1) {
	appSecret = queryString.substring(start1+15);
} else {
	throw "no consumer secret returned from authorization";
}

auditLog.debug("the appKey = " + appKey);
auditLog.debug("the appSecret = " + appSecret);

//Create the RequestToken Request
var tokenRequest = msgFactory.create();

//set the URL parms
var redirectURI = QuickbooksHook.vars.get("QB_Hook", "redirectURI");
var httpMethod = 'POST',
	 url = 'https://oauth.intuit.com/oauth/v1/get_request_token',
	 parameters = {
		  oauth_callback : encodeURIComponent(redirectURI),
        oauth_consumer_key : appKey,
        oauth_nonce : randomString(16),
		  oauth_signature_method : 'HMAC-SHA1',
        oauth_timestamp : Math.floor((new Date).getTime()/1000),
        oauth_version : '1.0'
	 };

//create the OAUth 1.0 HMAC-SHA1 signature
var parmString = String("oauth_callback="+parameters.oauth_callback+"&amp;oauth_consumer_key="+parameters.oauth_consumer_key+"&amp;oauth_nonce="+parameters.oauth_nonce+"&amp;oauth_signature_method="+parameters.oauth_signature_method+"&amp;oauth_timestamp="+parameters.oauth_timestamp+"&amp;oauth_version="+parameters.oauth_version);
auditLog.debug("parmString is: "+parmString);

var baseString = String(httpMethod+"&amp;"+encodeURIComponent(url)+"&amp;"+encodeURIComponent(parmString));
auditLog.debug("baseString is: "+baseString);

var hash = CryptoJS.HmacSHA1(baseString, String(appSecret+'&amp;'));
auditLog.debug("base signature is: "+hash)
var signature = CryptoJS.enc.Base64.stringify(hash);
auditLog.debug("signature is: "+signature);

//create the request query
var query = String("oauth_callback="+redirectURI+"&amp;oauth_consumer_key="+parameters.oauth_consumer_key+"&amp;oauth_nonce="+parameters.oauth_nonce+"&amp;oauth_signature="+ signature+"&amp;oauth_signature_method="+parameters.oauth_signature_method+"&amp;oauth_timestamp="+parameters.oauth_timestamp+"&amp;oauth_version="+parameters.oauth_version);

tokenRequest.setProperty("com.soa.message.TRANSPORT_QUERY", query);

//send the request
processContext.setVariable("TokenRequest", tokenRequest);

// store the comsumer key in the global cache
var cache = QuickbooksHook.glbCacheMgr.getCache("qb_hook");
cache.put("oauth_consumer_key", parameters.oauth_consumer_key, 60*60);
cache.put("oauth_consumer_secret", appSecret, 60*60);

auditLog.debug("Done Configuring OAuth Request Token config");</ns11:Script><ns11:Import>script:6d71e0e1-efbb-11e4-b945-869d084cbfc5</ns11:Import><ns11:Import>script:06f90a74-f141-11e4-b945-869d084cbfc5</ns11:Import><ns11:Import>script:2fec3a2e-f147-11e4-b945-869d084cbfc5</ns11:Import><ns11:Import>script:3a82d74e-efc0-11e4-b945-869d084cbfc5</ns11:Import></ns2:ScriptedActivity></ns10:Activity><ns10:Activity ActivityType="ns12:ScriptedActivity" LastUpdated="1430783215510" Name="ReturnRedirect" xmlns:ns12="http://soa.com/uri/products/activity/script/xsd/1.0"><ns2:ScriptedActivity xmlns="http://soa.com/uri/products/activity/audit/xsd/1.0" xmlns:ns11="http://soa.com/uri/products/activity/script/xsd/1.0" xmlns:ns2="http://soa.com/uri/products/activity/script/xsd/1.0" xmlns:ns3="http://soa.com/uri/products/activity/stripxml/xsd/1.0" xmlns:ns4="http://soa.com/uri/products/activity/xform/xsd/1.0" xmlns:ns5="http://soa.com/uri/products/activity/process/xsd/1.0" xmlns:ns6="http://soa.com/uri/products/activity/insertxml/xsd/1.0" xmlns:ns7="http://soa.com/uri/products/activity/insertcontent/xsd/1.0"><ns11:Language>js</ns11:Language><ns11:Script>// *************************************************************
// *************************************************************
// **
// **  send back a redirect with the real /authorize parms
// **
// **  in the Location header
// **
// *************************************************************
// *************************************************************
auditLog.debug("starting authorise redirect");
var response = processContext.getVariable("TokenResponse");
var msg = msgFactory.create("application/json");
var headers = msg.createTransportHeaders();


var body = response.getContentAsString();
var oauthToken = body.substring(body.indexOf("oauth_token=")+12);
auditLog.debug("oauth_token is "+oauthToken);
var oauthTokenSecret = body.substring(body.indexOf("oauth_token_secret=")+19,body.indexOf("&amp;oauth_callback_confirmed=t"));
auditLog.debug("oauth_token_secret is "+oauthTokenSecret);
var location = "https://appcenter.intuit.com/Connect/Begin?oauth_token="+oauthToken;
auditLog.debug("Location header value is "+location);

headers.add("Location",location);

msg.setProperty("http.status.code.property","302");

processContext.setVariable("message", msg);

// store the request token secret in the global cache
var cache = QuickbooksHook.glbCacheMgr.getCache("qb_hook");
cache.put("oauth_token_secret", oauthTokenSecret, 5*60);

auditLog.debug("finishing authorise redirect");</ns11:Script><ns11:Import>script:6d71e0e1-efbb-11e4-b945-869d084cbfc5</ns11:Import></ns2:ScriptedActivity></ns10:Activity></ns10:Activities><ns9:partnerLinkType name="Quickbooks_OAuth_1.0_API_PortTypeConsumer"><ns9:role name="Consumer"><ns9:portType name="ns12:Quickbooks_OAuth_1.0_API_PortType" xmlns:ns12="https://oauth.intuit.com/oauth/v1"/></ns9:role></ns9:partnerLinkType><partnerLinks><partnerLink myRole="Consumer" name="Activity" partnerLinkType="ns12:ActivityPortTypeConsumer" xmlns:ns12="http://soa.com/processs"/><partnerLink myRole="Consumer" name="Quickbooks_OAuth_1.0_API_PortTypePartnerLink" partnerLinkType="ns12:Quickbooks_OAuth_1.0_API_PortTypeConsumer" xmlns:ns12="http://soa.com/processs"/></partnerLinks><variables><variable messageType="ns12:ActivityMessage" name="message" xmlns:ns12="http://soa.com/process/activity"/><variable messageType="ns12:ActivityMessage" name="fault" xmlns:ns12="http://soa.com/process/activity"/><variable messageType="ns12:ActivityMessage" name="TokenRequest" xmlns:ns12="http://soa.com/process/activity"/><variable messageType="ns12:ActivityMessage" name="TokenResponse" xmlns:ns12="http://soa.com/process/activity"/></variables><sequence><invoke inputVariable="message" name="ConfigTokenRequest" operation="invoke" outputVariable="message" partnerLink="Activity" portType="ns10:ActivityPortType"><ns2:InvocationExt endpoint="ConfigTokenRequest" propagateExchange="true" service="ns10:ActivityService"/></invoke><invoke inputVariable="TokenRequest" name="GetRequestToken" operation="POST__get_request_token" outputVariable="TokenResponse" partnerLink="Quickbooks_OAuth_1.0_API_PortTypePartnerLink" portType="ns12:Quickbooks_OAuth_1.0_API_PortType" xmlns:ns12="https://oauth.intuit.com/oauth/v1"><ns2:InvocationExt service="ns12:Quickbooks_OAuth_1.0_API"><ns2:Audit/></ns2:InvocationExt></invoke><invoke inputVariable="message" name="ReturnRedirect" operation="invoke" outputVariable="message" partnerLink="Activity" portType="ns10:ActivityPortType"><ns2:InvocationExt endpoint="ReturnRedirect" propagateExchange="true" service="ns10:ActivityService"/></invoke></sequence></process>