<?xml version="1.0" encoding="UTF-8"?>
<process name="GET__helloworld" ns2:processKey="bpel:0638e14a-f2e9-11e4-b945-869d084cbfc5" targetNamespace="http://localhost:9905/quickbooks_hook" xmlns="http://schemas.xmlsoap.org/ws/2003/03/business-process/" xmlns:ns10="http://soa.com/capabilities/service/virtualization/bpel/activity" xmlns:ns2="http://soa.com/bpel/ext" xmlns:ns3="http://soa.com/capabilities/service/virtualization/bpel" xmlns:ns4="http://schemas.xmlsoap.org/ws/2006/02/addressingidentity" xmlns:ns5="http://www.w3.org/2000/09/xmldsig#" xmlns:ns6="http://docs.oasis-open.org/wss/2004/01/oasis-200401-wss-wssecurity-secext-1.0.xsd" xmlns:ns7="http://docs.oasis-open.org/wss/2004/01/oasis-200401-wss-wssecurity-utility-1.0.xsd" xmlns:ns8="http://schemas.xmlsoap.org/ws/2004/09/mex" xmlns:ns9="http://schemas.xmlsoap.org/ws/2003/05/partner-link/"><ns9:partnerLinkType name="Quickbooks_API_Helloworld_PortTypeProvider"><ns9:role name="Provider"><ns9:portType name="ns11:Quickbooks_API_Helloworld_PortType" xmlns:ns11="http://localhost:9905/quickbooks_hook"/></ns9:role></ns9:partnerLinkType><ns9:partnerLinkType name="ActivityPortTypeConsumer"><ns9:role name="Consumer"><ns9:portType name="ns10:ActivityPortType"/></ns9:role></ns9:partnerLinkType><ns10:Activities><ns10:Activity ActivityType="ns11:ScriptedActivity" LastUpdated="1430822412031" Name="ConfigureQuery" xmlns:ns11="http://soa.com/uri/products/activity/script/xsd/1.0"><ns2:ScriptedActivity xmlns="http://soa.com/uri/products/activity/audit/xsd/1.0" xmlns:ns2="http://soa.com/uri/products/activity/script/xsd/1.0" xmlns:ns3="http://soa.com/uri/products/activity/stripxml/xsd/1.0" xmlns:ns4="http://soa.com/uri/products/activity/xform/xsd/1.0" xmlns:ns5="http://soa.com/uri/products/activity/process/xsd/1.0" xmlns:ns6="http://soa.com/uri/products/activity/insertxml/xsd/1.0" xmlns:ns7="http://soa.com/uri/products/activity/insertcontent/xsd/1.0"><ns2:Language>js</ns2:Language><ns2:Script>// *************************************************************
// *************************************************************
// **
// **  create an Account query request
// **
// **  get company_id from the request and build request
// **
// *************************************************************
// *************************************************************
auditLog.debug("Start Config helloworld config");

var msg = processContext.getVariable("message");

// get authKey value from input request
var headers = msg.getTransportHeaders();
var authKey = headers.get("authKey").getValue();
auditLog.debug("authKey = " + authKey);

//Get the URL query value
map = {
    message : processContext.getVariable("message"),
    exchange : processContext.getCreatingExchange()
};

var parms = getQueryParameters(map);
var companyId = parms.company_id;
if (companyId == undefined || companyId == null) {
	throw "please add the companyId via the company_id query parameter";
};
auditLog.debug("companyId = " + companyId);


//Create the queryRequest Request
var queryRequest = msgFactory.create();

//create the request query
var parmMap = {};
parmMap["query"] = "select name from Account";
var query = String(buildQueryString(parmMap,true));
auditLog.debug("query = " + query);
queryRequest.setProperty("com.soa.message.TRANSPORT_QUERY", query);

//Set the authKey Header
var queryHeaders = queryRequest.createTransportHeaders();
queryHeaders.add("authKey",authKey);

//Set companyId path variable
var paraprop = new java.util.HashMap();
paraprop.put("companyId", companyId);
queryRequest.setProperty("http.binding.path.params", paraprop);

//send the request
processContext.setVariable("QueryRequest", queryRequest);

auditLog.debug("Done Configuring helloworld config");</ns2:Script><ns2:Import>script:0ac70e56-f1f0-11e4-b945-869d084cbfc5</ns2:Import><ns2:Import>script:7768301a-f2b0-11e4-b945-869d084cbfc5</ns2:Import></ns2:ScriptedActivity></ns10:Activity></ns10:Activities><ns9:partnerLinkType name="Quickbooks_API_Hook_PortTypeConsumer"><ns9:role name="Consumer"><ns9:portType name="ns11:Quickbooks_API_Hook_PortType" xmlns:ns11="https://quickbooks.api.intuit.com/v3"/></ns9:role></ns9:partnerLinkType><partnerLinks><partnerLink myRole="Provider" name="initial" partnerLinkType="ns11:Quickbooks_API_Helloworld_PortTypeProvider" xmlns:ns11="http://localhost:9905/quickbooks_hook"/><partnerLink myRole="Consumer" name="Activity" partnerLinkType="ns11:ActivityPortTypeConsumer" xmlns:ns11="http://localhost:9905/quickbooks_hook"/><partnerLink myRole="Consumer" name="Quickbooks_API_Hook_PortTypePartnerLink" partnerLinkType="ns11:Quickbooks_API_Hook_PortTypeConsumer" xmlns:ns11="http://localhost:9905/quickbooks_hook"/></partnerLinks><variables><variable messageType="ns11:ActivityMessage" name="message" xmlns:ns11="http://soa.com/process/activity"/><variable messageType="ns11:ActivityMessage" name="fault" xmlns:ns11="http://soa.com/process/activity"/><variable messageType="ns11:ActivityMessage" name="QueryRequest" xmlns:ns11="http://soa.com/process/activity"/></variables><faultHandlers><catchAll><sequence><reply faultName="ns2:ExistingFault" name="FaultReply" operation="GET__helloworld" partnerLink="initial" portType="ns11:Quickbooks_API_Helloworld_PortType" variable="fault" xmlns:ns11="http://localhost:9905/quickbooks_hook"/></sequence></catchAll></faultHandlers><sequence><receive createInstance="yes" name="Receive" operation="GET__helloworld" partnerLink="initial" portType="ns11:Quickbooks_API_Helloworld_PortType" variable="message" xmlns:ns11="http://localhost:9905/quickbooks_hook"/><invoke inputVariable="message" name="ConfigureQuery" operation="invoke" outputVariable="message" partnerLink="Activity" portType="ns10:ActivityPortType"><ns2:InvocationExt endpoint="ConfigureQuery" propagateExchange="true" service="ns10:ActivityService"/></invoke><invoke inputVariable="QueryRequest" name="AccountQuery" operation="GET__company__companyId__query" outputVariable="message" partnerLink="Quickbooks_API_Hook_PortTypePartnerLink" portType="ns11:Quickbooks_API_Hook_PortType" xmlns:ns11="https://quickbooks.api.intuit.com/v3"><ns2:InvocationExt service="ns11:Quickbooks_API_Hook_vs0"><ns2:Audit/></ns2:InvocationExt></invoke><reply name="Reply" operation="GET__helloworld" partnerLink="initial" portType="ns11:Quickbooks_API_Helloworld_PortType" variable="message" xmlns:ns11="http://localhost:9905/quickbooks_hook"/></sequence></process>