<?xml version="1.0" encoding="UTF-8"?>
<ActivityGraph xmlns="http://soa.com/uri/products/activity/graph/xsd/1.0"><PositionElements><Position ActivityName="Receive"><XPosition>100</XPosition><YPosition>100</YPosition></Position><Position ActivityName="ConfigureQuery"><XPosition>165</XPosition><YPosition>91</YPosition></Position><Position ActivityName="AccountQuery"><XPosition>280</XPosition><YPosition>90</YPosition></Position><Position ActivityName="Reply"><XPosition>380</XPosition><YPosition>100</YPosition></Position></PositionElements></ActivityGraph>