<?xml version="1.0" encoding="UTF-8"?>
<ExportConfiguration xmlns="http://www.soa.com/uri/products/ServiceManagerMigration/xsd/1.0" xmlns:ns10="http://soa.com/uri/products/IdentityAuthorization/xsd/1.0" xmlns:ns11="http://soa.com/uri/products/Policy/xsd/1.0" xmlns:ns12="http://digev.com/uri/products/AlertManager/xsd/1.0" xmlns:ns13="http://soa.com/uri/products/Contracts/xsd/1.0" xmlns:ns14="http://digev.com/uri/products/PolicyManager/xsd/1.0" xmlns:ns15="urn:uddi-org:sub_v3" xmlns:ns2="http://digev.com/uri/products/Types/xsd/1.0" xmlns:ns3="http://digev.com/uri/products/ManagementServer/xsd/1.0" xmlns:ns4="http://www.soa.com/uri/products/SLAPolicy/xsd/1.0" xmlns:ns5="urn:uddi-org:api_v3" xmlns:ns6="http://www.w3.org/2000/09/xmldsig#" xmlns:ns7="http://soa.com/uri/products/ServiceProperties/1.0" xmlns:ns8="http://soa.com/uri/products/ServiceEndpointProperties/1.0" xmlns:ns9="http://soa.com/uri/products/Organization/xsd/1.0"><SourceOrganization><ns2:Key>uddi:soa.com:registryorganization</ns2:Key></SourceOrganization><ExportObjectConfiguration><ns2:OrganizationKey><ns2:Key>uddi:63922357-efb8-11e4-b945-869d084cbfc5</ns2:Key></ns2:OrganizationKey><ExportOrganization><ns9:Organization><ns9:OrganizationKey><ns2:Key>uddi:63922357-efb8-11e4-b945-869d084cbfc5</ns2:Key></ns9:OrganizationKey><ns9:ParentKey><ns2:Key>uddi:soa.com:registryorganization</ns2:Key></ns9:ParentKey><ns9:Name>Quickbooks API Hook</ns9:Name><ns9:Description></ns9:Description><ns9:OrganizationType>Project</ns9:OrganizationType></ns9:Organization><ns5:businessEntity businessKey="uddi:63922357-efb8-11e4-b945-869d084cbfc5"><ns5:name>Quickbooks API Hook</ns5:name><ns5:categoryBag><ns5:keyedReferenceGroup tModelKey="uddi:soa.com:organization:group"><ns5:keyedReference keyName="Organization type" keyValue="Project" tModelKey="uddi:soa.com:categorization:organizationtype"/></ns5:keyedReferenceGroup></ns5:categoryBag></ns5:businessEntity></ExportOrganization></ExportObjectConfiguration><ExportObjectConfiguration><ns2:ScriptKey><ns2:Key>script:0ac70e56-f1f0-11e4-b945-869d084cbfc5</ns2:Key></ns2:ScriptKey><ExportScript><ScriptUri>scripts/script_0ac70e56-f1f0-11e4-b945-869d084cbfc5.xml</ScriptUri><Name>ParseQueryParms</Name><Description></Description><ScriptKey>script:0ac70e56-f1f0-11e4-b945-869d084cbfc5</ScriptKey><OrganizationKey>uddi:63922357-efb8-11e4-b945-869d084cbfc5</OrganizationKey><Type>js</Type></ExportScript></ExportObjectConfiguration><ExportObjectConfiguration><ns2:ScriptKey><ns2:Key>script:3a82d74e-efc0-11e4-b945-869d084cbfc5</ns2:Key></ns2:ScriptKey><ExportScript><ScriptUri>scripts/script_3a82d74e-efc0-11e4-b945-869d084cbfc5.xml</ScriptUri><Name>RandomStringGenerator</Name><Description></Description><ScriptKey>script:3a82d74e-efc0-11e4-b945-869d084cbfc5</ScriptKey><OrganizationKey>uddi:soa.com:registryorganization</OrganizationKey><Type>js</Type></ExportScript></ExportObjectConfiguration><ExportObjectConfiguration><ns2:ScriptKey><ns2:Key>script:6d71e0e1-efbb-11e4-b945-869d084cbfc5</ns2:Key></ns2:ScriptKey><ExportScript><ScriptUri>scripts/script_6d71e0e1-efbb-11e4-b945-869d084cbfc5.xml</ScriptUri><Name>Quickbooks-Common</Name><Description></Description><ScriptKey>script:6d71e0e1-efbb-11e4-b945-869d084cbfc5</ScriptKey><OrganizationKey>uddi:63922357-efb8-11e4-b945-869d084cbfc5</OrganizationKey><Type>js</Type></ExportScript></ExportObjectConfiguration><ExportObjectConfiguration><ns2:ScriptKey><ns2:Key>script:06f90a74-f141-11e4-b945-869d084cbfc5</ns2:Key></ns2:ScriptKey><ExportScript><ScriptUri>scripts/script_06f90a74-f141-11e4-b945-869d084cbfc5.xml</ScriptUri><Name>CryptoJS-3.1.2</Name><Description></Description><ScriptKey>script:06f90a74-f141-11e4-b945-869d084cbfc5</ScriptKey><OrganizationKey>uddi:soa.com:registryorganization</OrganizationKey><Type>js</Type></ExportScript></ExportObjectConfiguration><ExportObjectConfiguration><ns2:ScriptKey><ns2:Key>script:2fec3a2e-f147-11e4-b945-869d084cbfc5</ns2:Key></ns2:ScriptKey><ExportScript><ScriptUri>scripts/script_2fec3a2e-f147-11e4-b945-869d084cbfc5.xml</ScriptUri><Name>CryptoJS-enc-base64</Name><Description></Description><ScriptKey>script:2fec3a2e-f147-11e4-b945-869d084cbfc5</ScriptKey><OrganizationKey>uddi:soa.com:registryorganization</OrganizationKey><Type>js</Type></ExportScript></ExportObjectConfiguration><ExportObjectConfiguration><ns2:BpelKey><ns2:Key>bpel:9d459020-efb8-11e4-b945-869d084cbfc5</ns2:Key></ns2:BpelKey><ExportBpel><BpelUri>bpels/bpel_9d459020-efb8-11e4-b945-869d084cbfc5.xml</BpelUri></ExportBpel></ExportObjectConfiguration><ExportObjectConfiguration><ns2:BpelKey><ns2:Key>bpel:9d15a67f-efb8-11e4-b945-869d084cbfc5</ns2:Key></ns2:BpelKey><ExportBpel><BpelUri>bpels/bpel_9d15a67f-efb8-11e4-b945-869d084cbfc5.xml</BpelUri></ExportBpel></ExportObjectConfiguration><ExportObjectConfiguration><ns2:BpelKey><ns2:Key>bpel:9fa3d5e6-efb9-11e4-b945-869d084cbfc5</ns2:Key></ns2:BpelKey><ExportBpel><BpelUri>bpels/bpel_9fa3d5e6-efb9-11e4-b945-869d084cbfc5.xml</BpelUri></ExportBpel></ExportObjectConfiguration><ExportObjectConfiguration><ns2:BpelKey><ns2:Key>bpel:9d6d1551-efb8-11e4-b945-869d084cbfc5</ns2:Key></ns2:BpelKey><ExportBpel><BpelUri>bpels/bpel_9d6d1551-efb8-11e4-b945-869d084cbfc5.xml</BpelUri></ExportBpel></ExportObjectConfiguration><ExportObjectConfiguration><ns2:BpelKey><ns2:Key>bpel:e8541f36-efba-11e4-b945-869d084cbfc5</ns2:Key></ns2:BpelKey><ExportBpel><BpelUri>bpels/bpel_e8541f36-efba-11e4-b945-869d084cbfc5.xml</BpelUri></ExportBpel></ExportObjectConfiguration><ExportObjectConfiguration><ns2:BpelKey><ns2:Key>bpel:f8741ea9-efc6-11e4-b945-869d084cbfc5</ns2:Key></ns2:BpelKey><ExportBpel><BpelUri>bpels/bpel_f8741ea9-efc6-11e4-b945-869d084cbfc5.xml</BpelUri></ExportBpel></ExportObjectConfiguration><ExportObjectConfiguration><ns2:InterfaceKey><ns2:Key>uddi:298135b3-ac37-48eb-b632-e7b185d2883c</ns2:Key><ns2:InterfaceQName>{https://oauth.intuit.com/oauth/v1}Quickbooks_OAuth_1.0_API_PortType</ns2:InterfaceQName></ns2:InterfaceKey><ExportInterface><ns5:tModel deleted="false" tModelKey="uddi:298135b3-ac37-48eb-b632-e7b185d2883c"><ns5:name>Quickbooks_OAuth_1.0_API_PortType</ns5:name><ns5:categoryBag><ns5:keyedReference keyName="portType namespace" keyValue="https://oauth.intuit.com/oauth/v1" tModelKey="uddi:uddi.org:xml:namespace"/><ns5:keyedReference keyName="WSDL type" keyValue="portType" tModelKey="uddi:uddi.org:wsdl:types"/></ns5:categoryBag></ns5:tModel><InterfaceWsdlUri>wsdls/uddi_298135b3-ac37-48eb-b632-e7b185d2883c.wsdl</InterfaceWsdlUri></ExportInterface></ExportObjectConfiguration><ExportObjectConfiguration><ns2:BindingKey><ns2:Key>uddi:5bf0bf62-d22f-38b3-5ab4-a3cfee4f039c</ns2:Key><ns2:BindingQName>{https://oauth.intuit.com/oauth/v1}Quickbooks_OAuth_1.0_API_Binding</ns2:BindingQName><ns2:BindingType>binding.http</ns2:BindingType></ns2:BindingKey><ExportBinding><ns5:tModel deleted="false" tModelKey="uddi:5bf0bf62-d22f-38b3-5ab4-a3cfee4f039c"><ns5:name>Quickbooks_OAuth_1.0_API_Binding</ns5:name><ns5:categoryBag><ns5:keyedReference keyName="binding namespace" keyValue="https://oauth.intuit.com/oauth/v1" tModelKey="uddi:uddi.org:xml:namespace"/><ns5:keyedReference keyName="WSDL type" keyValue="binding" tModelKey="uddi:uddi.org:wsdl:types"/><ns5:keyedReference keyName="uddi-org:types" keyValue="wsdlSpec" tModelKey="uddi:uddi.org:categorization:types"/><ns5:keyedReference keyName="portType Reference" keyValue="uddi:298135b3-ac37-48eb-b632-e7b185d2883c" tModelKey="uddi:uddi.org:wsdl:porttypereference"/></ns5:categoryBag></ns5:tModel><BindingWsdlUri>wsdls/uddi_5bf0bf62-d22f-38b3-5ab4-a3cfee4f039c.wsdl</BindingWsdlUri></ExportBinding></ExportObjectConfiguration><ExportObjectConfiguration><ns2:ServiceKey><ns2:Key>uddi:9c91d075-efb8-11e4-b945-869d084cbfc5</ns2:Key><ns2:ServiceQName>{https://oauth.intuit.com/oauth/v1}Quickbooks_OAuth_1.0_API_vs0</ns2:ServiceQName></ns2:ServiceKey><ExportService><ns3:VirtualService BusinessKey="uddi:63922357-efb8-11e4-b945-869d084cbfc5" ServiceKey="uddi:9c91d075-efb8-11e4-b945-869d084cbfc5" WsdlServiceLocalName="Quickbooks_OAuth_1.0_API_vs0" WsdlTargetNamespaceUrl="https://oauth.intuit.com/oauth/v1"><ns3:Name>Quickbooks_OAuth_1.0_API_vs0</ns3:Name><ns3:Description></ns3:Description><ns3:Operations><ns3:LogicalOperation InterfaceName="{https://oauth.intuit.com/oauth/v1}Quickbooks_OAuth_1.0_API_PortType" ManagementState="Enabled" NextHopOperationKey="uddi:9c07b8da-efb8-11e4-b945-869d084cbfc5$$${https://oauth.intuit.com/oauth/v1}Quickbooks_OAuth_1.0_API_PortType$$$POST__get_access_token" NextHopOperationName="POST /get_access_token" NextHopServiceKey="uddi:9c07b8da-efb8-11e4-b945-869d084cbfc5" NextHopServiceName="Quickbooks_OAuth_1.0_API" NumOfVirtualizedOperations="0" OperationKey="9cea9edb-efb8-11e4-b945-869d084cbfc5" OperationLastUpdatedAt="2015-05-04T01:47:19.097Z" OperationName="GET /auth_success" PolicyAvailable="true" ServiceKey="uddi:9c91d075-efb8-11e4-b945-869d084cbfc5" WsdlOperationName="GET__auth_success"><ns3:NextHopOperation InterfaceName="{https://oauth.intuit.com/oauth/v1}Quickbooks_OAuth_1.0_API_PortType" OperationKey="9c65422f-efb8-11e4-b945-869d084cbfc5" OperationLastUpdatedAt="2015-05-01T04:22:06.440Z" OperationName="POST /get_access_token" ServiceKey="uddi:9c07b8da-efb8-11e4-b945-869d084cbfc5" ServiceName="Quickbooks_OAuth_1.0_API" WsdlOperationName="POST__get_access_token"/></ns3:LogicalOperation><ns3:LogicalOperation InterfaceName="{https://oauth.intuit.com/oauth/v1}Quickbooks_OAuth_1.0_API_PortType" ManagementState="Enabled" NextHopOperationKey="uddi:9c07b8da-efb8-11e4-b945-869d084cbfc5$$${https://oauth.intuit.com/oauth/v1}Quickbooks_OAuth_1.0_API_PortType$$$POST__get_request_token" NextHopOperationName="POST /get_request_token" NextHopServiceKey="uddi:9c07b8da-efb8-11e4-b945-869d084cbfc5" NextHopServiceName="Quickbooks_OAuth_1.0_API" NumOfVirtualizedOperations="0" OperationKey="9e8323a2-efb9-11e4-b945-869d084cbfc5" OperationLastUpdatedAt="2015-05-04T01:47:19.097Z" OperationName="GET /authorize" PolicyAvailable="true" ServiceKey="uddi:9c91d075-efb8-11e4-b945-869d084cbfc5" WsdlOperationName="GET__authorize"><ns3:NextHopOperation InterfaceName="{https://oauth.intuit.com/oauth/v1}Quickbooks_OAuth_1.0_API_PortType" OperationKey="9c62d12e-efb8-11e4-b945-869d084cbfc5" OperationLastUpdatedAt="2015-05-01T04:22:06.440Z" OperationName="POST /get_request_token" ServiceKey="uddi:9c07b8da-efb8-11e4-b945-869d084cbfc5" ServiceName="Quickbooks_OAuth_1.0_API" WsdlOperationName="POST__get_request_token"/></ns3:LogicalOperation><ns3:LogicalOperation InterfaceName="{https://oauth.intuit.com/oauth/v1}Quickbooks_OAuth_1.0_API_PortType" ManagementState="Enabled" NextHopOperationKey="uddi:9c07b8da-efb8-11e4-b945-869d084cbfc5$$${https://oauth.intuit.com/oauth/v1}Quickbooks_OAuth_1.0_API_PortType$$$POST__get_access_token" NextHopOperationName="POST /get_access_token" NextHopServiceKey="uddi:9c07b8da-efb8-11e4-b945-869d084cbfc5" NextHopServiceName="Quickbooks_OAuth_1.0_API" NumOfVirtualizedOperations="0" OperationKey="9ce7dfba-efb8-11e4-b945-869d084cbfc5" OperationLastUpdatedAt="2015-05-04T01:47:19.097Z" OperationName="POST /get_access_token" PolicyAvailable="true" ServiceKey="uddi:9c91d075-efb8-11e4-b945-869d084cbfc5" WsdlOperationName="POST__get_access_token"><ns3:NextHopOperation InterfaceName="{https://oauth.intuit.com/oauth/v1}Quickbooks_OAuth_1.0_API_PortType" OperationKey="9c65422f-efb8-11e4-b945-869d084cbfc5" OperationLastUpdatedAt="2015-05-01T04:22:06.440Z" OperationName="POST /get_access_token" ServiceKey="uddi:9c07b8da-efb8-11e4-b945-869d084cbfc5" ServiceName="Quickbooks_OAuth_1.0_API" WsdlOperationName="POST__get_access_token"/></ns3:LogicalOperation><ns3:LogicalOperation InterfaceName="{https://oauth.intuit.com/oauth/v1}Quickbooks_OAuth_1.0_API_PortType" ManagementState="Enabled" NextHopOperationKey="uddi:9c07b8da-efb8-11e4-b945-869d084cbfc5$$${https://oauth.intuit.com/oauth/v1}Quickbooks_OAuth_1.0_API_PortType$$$POST__get_request_token" NextHopOperationName="POST /get_request_token" NextHopServiceKey="uddi:9c07b8da-efb8-11e4-b945-869d084cbfc5" NextHopServiceName="Quickbooks_OAuth_1.0_API" NumOfVirtualizedOperations="0" OperationKey="9ce71c69-efb8-11e4-b945-869d084cbfc5" OperationLastUpdatedAt="2015-05-04T01:47:19.097Z" OperationName="POST /get_request_token" PolicyAvailable="true" ServiceKey="uddi:9c91d075-efb8-11e4-b945-869d084cbfc5" WsdlOperationName="POST__get_request_token"><ns3:NextHopOperation InterfaceName="{https://oauth.intuit.com/oauth/v1}Quickbooks_OAuth_1.0_API_PortType" OperationKey="9c62d12e-efb8-11e4-b945-869d084cbfc5" OperationLastUpdatedAt="2015-05-01T04:22:06.440Z" OperationName="POST /get_request_token" ServiceKey="uddi:9c07b8da-efb8-11e4-b945-869d084cbfc5" ServiceName="Quickbooks_OAuth_1.0_API" WsdlOperationName="POST__get_request_token"/></ns3:LogicalOperation></ns3:Operations></ns3:VirtualService><ns5:businessService businessKey="uddi:63922357-efb8-11e4-b945-869d084cbfc5" serviceKey="uddi:9c91d075-efb8-11e4-b945-869d084cbfc5"><ns5:name>Quickbooks_OAuth_1.0_API_vs0</ns5:name><ns5:bindingTemplates><ns5:bindingTemplate bindingKey="uddi:9dc1c502-efb8-11e4-b945-869d084cbfc5" serviceKey="uddi:9c91d075-efb8-11e4-b945-869d084cbfc5"><ns5:accessPoint useType="endPoint">http://localhost:9905/quickbooks_hook</ns5:accessPoint><ns5:tModelInstanceDetails><ns5:tModelInstanceInfo tModelKey="uddi:5bf0bf62-d22f-38b3-5ab4-a3cfee4f039c"><ns5:description>The wsdl:binding that this wsdl:port implements. The instanceParms specifies the port local name.</ns5:description><ns5:instanceDetails><ns5:instanceParms>HTTP</ns5:instanceParms></ns5:instanceDetails></ns5:tModelInstanceInfo><ns5:tModelInstanceInfo tModelKey="uddi:298135b3-ac37-48eb-b632-e7b185d2883c"><ns5:description>The wsdl:portType that this wsdl:port implements.</ns5:description></ns5:tModelInstanceInfo></ns5:tModelInstanceDetails><ns5:categoryBag><ns5:keyedReference keyName="WSDL type" keyValue="port" tModelKey="uddi:uddi.org:wsdl:types"/><ns5:keyedReferenceGroup tModelKey="uddi:soa.com:serviceendpoint:group"><ns5:keyedReference keyName="containerKey" keyValue="283b5d7c-b1dc-456d-ad3d-98cb1fc5" tModelKey="uddi:soa.com:serviceendpoint:containername"/><ns5:keyedReference keyName="listenerName" keyValue="default-http0" tModelKey="uddi:soa.com:serviceendpoint:listenername"/></ns5:keyedReferenceGroup></ns5:categoryBag></ns5:bindingTemplate><ns5:bindingTemplate bindingKey="uddi:9dcc9a73-efb8-11e4-b945-869d084cbfc5" serviceKey="uddi:9c91d075-efb8-11e4-b945-869d084cbfc5"><ns5:accessPoint useType="endPoint">https://localhost:9943/quickbooks_hook</ns5:accessPoint><ns5:tModelInstanceDetails><ns5:tModelInstanceInfo tModelKey="uddi:5bf0bf62-d22f-38b3-5ab4-a3cfee4f039c"><ns5:description>The wsdl:binding that this wsdl:port implements. The instanceParms specifies the port local name.</ns5:description><ns5:instanceDetails><ns5:instanceParms>HTTPS</ns5:instanceParms></ns5:instanceDetails></ns5:tModelInstanceInfo><ns5:tModelInstanceInfo tModelKey="uddi:298135b3-ac37-48eb-b632-e7b185d2883c"><ns5:description>The wsdl:portType that this wsdl:port implements.</ns5:description></ns5:tModelInstanceInfo></ns5:tModelInstanceDetails><ns5:categoryBag><ns5:keyedReference keyName="WSDL type" keyValue="port" tModelKey="uddi:uddi.org:wsdl:types"/><ns5:keyedReferenceGroup tModelKey="uddi:soa.com:serviceendpoint:group"><ns5:keyedReference keyName="containerKey" keyValue="283b5d7c-b1dc-456d-ad3d-98cb1fc5" tModelKey="uddi:soa.com:serviceendpoint:containername"/><ns5:keyedReference keyName="listenerName" keyValue="defaul-https0" tModelKey="uddi:soa.com:serviceendpoint:listenername"/></ns5:keyedReferenceGroup></ns5:categoryBag></ns5:bindingTemplate></ns5:bindingTemplates><ns5:categoryBag><ns5:keyedReference keyName="Virtual Service" keyValue="Virtual Service" tModelKey="uddi:digev.com:categorization:services"/><ns5:keyedReference keyName="Design" keyValue="Design" tModelKey="uddi:soa.com:servicelifecyclestage"/><ns5:keyedReference keyName="WSDL type" keyValue="service" tModelKey="uddi:uddi.org:wsdl:types"/><ns5:keyedReference keyName="service namespace" keyValue="https://oauth.intuit.com/oauth/v1" tModelKey="uddi:uddi.org:xml:namespace"/><ns5:keyedReference keyName="service local name" keyValue="Quickbooks_OAuth_1.0_API_vs0" tModelKey="uddi:uddi.org:xml:localname"/><ns5:keyedReference keyName="Managed Service" keyValue="Managed Service" tModelKey="uddi:digev.com:categorization:services"/></ns5:categoryBag></ns5:businessService><ExportServiceEndpoint><ns8:ServiceEndpoint><ns8:ServiceKey>uddi:9c91d075-efb8-11e4-b945-869d084cbfc5</ns8:ServiceKey><ns8:Name>uddi:9dcc9a73-efb8-11e4-b945-869d084cbfc5</ns8:Name><ns8:Url>https://localhost:9943/quickbooks_hook</ns8:Url><ns8:BindingQName>{https://oauth.intuit.com/oauth/v1}Quickbooks_OAuth_1.0_API_Binding</ns8:BindingQName><ns8:PortName>HTTPS</ns8:PortName><ns8:Protocol>https</ns8:Protocol><ns8:ContainerKey>283b5d7c-b1dc-456d-ad3d-98cb1fc5</ns8:ContainerKey><ns8:ListenerName>defaul-https0</ns8:ListenerName></ns8:ServiceEndpoint><EndpointWsdlUri>wsdls/uddi_9dcc9a73-efb8-11e4-b945-869d084cbfc5.wsdl</EndpointWsdlUri></ExportServiceEndpoint><ExportServiceEndpoint><ns8:ServiceEndpoint><ns8:ServiceKey>uddi:9c91d075-efb8-11e4-b945-869d084cbfc5</ns8:ServiceKey><ns8:Name>uddi:9dc1c502-efb8-11e4-b945-869d084cbfc5</ns8:Name><ns8:Url>http://localhost:9905/quickbooks_hook</ns8:Url><ns8:BindingQName>{https://oauth.intuit.com/oauth/v1}Quickbooks_OAuth_1.0_API_Binding</ns8:BindingQName><ns8:PortName>HTTP</ns8:PortName><ns8:Protocol>http</ns8:Protocol><ns8:ContainerKey>283b5d7c-b1dc-456d-ad3d-98cb1fc5</ns8:ContainerKey><ns8:ListenerName>default-http0</ns8:ListenerName></ns8:ServiceEndpoint><EndpointWsdlUri>wsdls/uddi_9dc1c502-efb8-11e4-b945-869d084cbfc5.wsdl</EndpointWsdlUri></ExportServiceEndpoint><BpelUri>services/uddi_9c91d075-efb8-11e4-b945-869d084cbfc5/bpel.xml</BpelUri><ManagementUri>services/uddi_9c91d075-efb8-11e4-b945-869d084cbfc5/management.xml</ManagementUri></ExportService></ExportObjectConfiguration><ExportObjectConfiguration><ns2:ServiceKey><ns2:Key>uddi:9c07b8da-efb8-11e4-b945-869d084cbfc5</ns2:Key><ns2:ServiceQName>{https://oauth.intuit.com/oauth/v1}Quickbooks_OAuth_1.0_API</ns2:ServiceQName></ns2:ServiceKey><ExportService><ns3:PhysicalService BusinessKey="uddi:63922357-efb8-11e4-b945-869d084cbfc5" Discovered="false" ServiceKey="uddi:9c07b8da-efb8-11e4-b945-869d084cbfc5" WsdlServiceLocalName="Quickbooks_OAuth_1.0_API" WsdlTargetNamespaceUrl="https://oauth.intuit.com/oauth/v1"><ns3:Name>Quickbooks_OAuth_1.0_API</ns3:Name><ns3:Description></ns3:Description><ns3:Operations><ns3:Operation InterfaceName="{https://oauth.intuit.com/oauth/v1}Quickbooks_OAuth_1.0_API_PortType" ManagementState="Enabled" NumOfVirtualizedOperations="0" OperationKey="9c673e00-efb8-11e4-b945-869d084cbfc5" OperationLastUpdatedAt="2015-05-01T04:22:06.440Z" OperationName="GET /auth_success" PolicyAvailable="true" ServiceKey="uddi:9c07b8da-efb8-11e4-b945-869d084cbfc5" WsdlOperationName="GET__auth_success"/><ns3:Operation InterfaceName="{https://oauth.intuit.com/oauth/v1}Quickbooks_OAuth_1.0_API_PortType" ManagementState="Enabled" NumOfVirtualizedOperations="0" OperationKey="9eaa33a3-efb9-11e4-b945-869d084cbfc5" OperationLastUpdatedAt="2015-05-01T04:22:06.440Z" OperationName="GET /authorize" PolicyAvailable="true" ServiceKey="uddi:9c07b8da-efb8-11e4-b945-869d084cbfc5" WsdlOperationName="GET__authorize"/><ns3:Operation InterfaceName="{https://oauth.intuit.com/oauth/v1}Quickbooks_OAuth_1.0_API_PortType" ManagementState="Enabled" NumOfVirtualizedOperations="2" OperationKey="9c65422f-efb8-11e4-b945-869d084cbfc5" OperationLastUpdatedAt="2015-05-01T04:22:06.440Z" OperationName="POST /get_access_token" PolicyAvailable="true" ServiceKey="uddi:9c07b8da-efb8-11e4-b945-869d084cbfc5" WsdlOperationName="POST__get_access_token"/><ns3:Operation InterfaceName="{https://oauth.intuit.com/oauth/v1}Quickbooks_OAuth_1.0_API_PortType" ManagementState="Enabled" NumOfVirtualizedOperations="2" OperationKey="9c62d12e-efb8-11e4-b945-869d084cbfc5" OperationLastUpdatedAt="2015-05-01T04:22:06.440Z" OperationName="POST /get_request_token" PolicyAvailable="true" ServiceKey="uddi:9c07b8da-efb8-11e4-b945-869d084cbfc5" WsdlOperationName="POST__get_request_token"/></ns3:Operations></ns3:PhysicalService><ns5:businessService businessKey="uddi:63922357-efb8-11e4-b945-869d084cbfc5" serviceKey="uddi:9c07b8da-efb8-11e4-b945-869d084cbfc5"><ns5:name>Quickbooks_OAuth_1.0_API</ns5:name><ns5:bindingTemplates><ns5:bindingTemplate bindingKey="uddi:9c804444-efb8-11e4-b945-869d084cbfc5" serviceKey="uddi:9c07b8da-efb8-11e4-b945-869d084cbfc5"><ns5:accessPoint useType="endPoint">https://oauth.intuit.com/oauth/v1</ns5:accessPoint><ns5:tModelInstanceDetails><ns5:tModelInstanceInfo tModelKey="uddi:5bf0bf62-d22f-38b3-5ab4-a3cfee4f039c"><ns5:description>The wsdl:binding that this wsdl:port implements. The instanceParms specifies the port local name.</ns5:description><ns5:instanceDetails><ns5:instanceParms>Quickbooks_OAuth_1.0_API_port</ns5:instanceParms></ns5:instanceDetails></ns5:tModelInstanceInfo><ns5:tModelInstanceInfo tModelKey="uddi:298135b3-ac37-48eb-b632-e7b185d2883c"><ns5:description>The wsdl:portType that this wsdl:port implements.</ns5:description></ns5:tModelInstanceInfo></ns5:tModelInstanceDetails><ns5:categoryBag><ns5:keyedReference keyName="WSDL type" keyValue="port" tModelKey="uddi:uddi.org:wsdl:types"/></ns5:categoryBag></ns5:bindingTemplate></ns5:bindingTemplates><ns5:categoryBag><ns5:keyedReference keyName="Design" keyValue="Design" tModelKey="uddi:soa.com:servicelifecyclestage"/><ns5:keyedReference keyName="1.0" keyValue="3251fe57-5ff7-4d21-be44-6d5d713f0a1b" tModelKey="uddi:soa.com:serviceversion"/><ns5:keyedReference keyName="WSDL type" keyValue="service" tModelKey="uddi:uddi.org:wsdl:types"/><ns5:keyedReference keyName="service namespace" keyValue="https://oauth.intuit.com/oauth/v1" tModelKey="uddi:uddi.org:xml:namespace"/><ns5:keyedReference keyName="service local name" keyValue="Quickbooks_OAuth_1.0_API" tModelKey="uddi:uddi.org:xml:localname"/><ns5:keyedReferenceGroup tModelKey="uddi:soa.com:service:group"/></ns5:categoryBag></ns5:businessService><ExportServiceEndpoint><ns8:ServiceEndpoint><ns8:ServiceKey>uddi:9c07b8da-efb8-11e4-b945-869d084cbfc5</ns8:ServiceKey><ns8:Name>uddi:9c804444-efb8-11e4-b945-869d084cbfc5</ns8:Name><ns8:Url>https://oauth.intuit.com/oauth/v1</ns8:Url><ns8:BindingQName>{https://oauth.intuit.com/oauth/v1}Quickbooks_OAuth_1.0_API_Binding</ns8:BindingQName><ns8:PortName>Quickbooks_OAuth_1.0_API_port</ns8:PortName><ns8:Protocol>https</ns8:Protocol></ns8:ServiceEndpoint><EndpointWsdlUri>wsdls/uddi_9c804444-efb8-11e4-b945-869d084cbfc5.wsdl</EndpointWsdlUri></ExportServiceEndpoint></ExportService></ExportObjectConfiguration><ExportObjectConfiguration><ns2:ContractKey><ns2:Key>76f5430b-efc8-11e4-b945-869d084cbfc5</ns2:Key></ns2:ContractKey><ExportContract><ns13:Contract><ns13:ContractInfo Anonymous="true" Key="76f5430b-efc8-11e4-b945-869d084cbfc5:1032" Name="Anonymous" State="Active"><ns13:Description></ns13:Description><ns13:ProviderOrganizationKey>uddi:63922357-efb8-11e4-b945-869d084cbfc5</ns13:ProviderOrganizationKey><ns2:EffectiveDateTimes><ns2:StartDateTime><ns2:DateTime>2015-05-01T06:07:00Z</ns2:DateTime><ns2:TimezoneName>UTC</ns2:TimezoneName></ns2:StartDateTime><ns2:EndDateTime><ns2:DateTime>2016-04-30T06:07:00Z</ns2:DateTime><ns2:TimezoneName>UTC</ns2:TimezoneName></ns2:EndDateTime><ns2:Expire>false</ns2:Expire></ns2:EffectiveDateTimes><ns13:ContractVersionInfo><ns13:LastModifiedTimestamp>2015-05-01Z</ns13:LastModifiedTimestamp><ns13:User>Local Domain\administrator</ns13:User><ns13:MetadataVersion>1</ns13:MetadataVersion><ns13:ActiveMetadataVersion>1</ns13:ActiveMetadataVersion></ns13:ContractVersionInfo><ns13:ContractType>service.contract</ns13:ContractType></ns13:ContractInfo><ns13:ContractScope><ns2:OrganizationKey>uddi:63922357-efb8-11e4-b945-869d084cbfc5</ns2:OrganizationKey></ns13:ContractScope></ns13:Contract></ExportContract></ExportObjectConfiguration><ExportObjectConfiguration><ns2:PolicyKey><ns2:Key>urn:uuid:09408b2a-efc8-11e4-b945-869d084cbfc5</ns2:Key></ns2:PolicyKey><ExportPolicy><ns11:Policy PolicyName="PolicyVariables"><ns11:PolicyKey>urn:uuid:09408b2a-efc8-11e4-b945-869d084cbfc5</ns11:PolicyKey><ns11:OrganizationKey>uddi:63922357-efb8-11e4-b945-869d084cbfc5</ns11:OrganizationKey><ns11:PolicyType>Operational Policy</ns11:PolicyType><ns11:PolicySubType>policy.xml</ns11:PolicySubType><ns11:Description></ns11:Description><ns11:ReadOnly>false</ns11:ReadOnly><ns11:LocalPolicy>false</ns11:LocalPolicy><ns11:LastUpdatedTime>2015-05-03T06:51:12.253Z</ns11:LastUpdatedTime><ns11:PolicyConfigurationAsString><ns11:Contents>&lt;![CDATA[&lt;?xml version="1.0" encoding="UTF-8"?&gt;
&lt;wsp:Policy visibility="private" xmlns:var="http://pso.akana.com/apihook/policy/variables/1.0/" xmlns:wsp="http://schemas.xmlsoap.org/ws/2004/09/policy"&gt; 
	&lt;var:VariablesPolicy&gt; 
		&lt;var:Namespace name="QB_Hook"&gt; 
			&lt;var:NameValue name="redirectURI"&gt;https://ec2-107-21-253-123.compute-1.amazonaws.com:9943/quickbooks_hook/auth_success&lt;/var:NameValue&gt;
		&lt;/var:Namespace&gt; 
		&lt;var:ForceLogging&gt;true&lt;/var:ForceLogging&gt; 
	&lt;/var:VariablesPolicy&gt; 
&lt;/wsp:Policy&gt;]]&gt;</ns11:Contents></ns11:PolicyConfigurationAsString></ns11:Policy></ExportPolicy></ExportObjectConfiguration><ExportObjectConfiguration><ns2:IdentityKey><ns2:Key>Local Domain\zZlOJCuF9#V55KUqNv9hoA==</ns2:Key><ns2:DomainName>Local Domain</ns2:DomainName><ns2:UserName>zZlOJCuF9#V55KUqNv9hoA==</ns2:UserName></ns2:IdentityKey><ExportUserIdentity><ns14:User DomainName="Local Domain" UserName="zZlOJCuF9#V55KUqNv9hoA=="><ns14:FullName>Service: uddi:9c91d075-efb8-11e4-b945-869d084cbfc5</ns14:FullName><ns14:IdentityKey>urn:uuid:9c94b6a6-efb8-11e4-b945-869d084cbfc5</ns14:IdentityKey><ns14:Password>xLOZZfsmWN/cXbE3tcXMCOdSYRfynGbmlMZAkd2otmsUtogU8HnpBPpRT7QHqol7H9hqb7MjEXq6twfVKaKbJg==</ns14:Password><ns14:Disabled>false</ns14:Disabled><ns14:ForcePwdResetOnNextLogin>false</ns14:ForcePwdResetOnNextLogin><ns14:Expired>false</ns14:Expired><ns14:ReadOnly>true</ns14:ReadOnly><ns14:PasswordFrmSeed>0</ns14:PasswordFrmSeed><ns14:OrganizationKey>uddi:soa.com:registryorganization</ns14:OrganizationKey><ns14:PasswordSalt>wzSS0+HrWHcL+T4/J0E0giMZzuGT2/4YpqEYARCabeAgzvC3bbAwzR0ZUMQYIsh6WvB+KHvJhz8+213tqzhNHQ==</ns14:PasswordSalt></ns14:User><PKIGenerated>true</PKIGenerated></ExportUserIdentity></ExportObjectConfiguration><ExportObjectConfiguration><ns2:IdentityKey><ns2:Key>Local Domain\b+2KlT03cRqkg+521uSj8w==</ns2:Key><ns2:DomainName>Local Domain</ns2:DomainName><ns2:UserName>b+2KlT03cRqkg+521uSj8w==</ns2:UserName></ns2:IdentityKey><ExportUserIdentity><ns14:User DomainName="Local Domain" UserName="b+2KlT03cRqkg+521uSj8w=="><ns14:FullName>Service: uddi:9c07b8da-efb8-11e4-b945-869d084cbfc5</ns14:FullName><ns14:IdentityKey>urn:uuid:9c0fa81b-efb8-11e4-b945-869d084cbfc5</ns14:IdentityKey><ns14:Password>A6s0R9WvbGiV+wQ4scCnroSOYsvzeIEetLX78jK/omxT/S3sLag/beY1U8Ky1qY8YoJrSPeAdZatIrRYT8G7FQ==</ns14:Password><ns14:Disabled>false</ns14:Disabled><ns14:ForcePwdResetOnNextLogin>false</ns14:ForcePwdResetOnNextLogin><ns14:Expired>false</ns14:Expired><ns14:ReadOnly>true</ns14:ReadOnly><ns14:PasswordFrmSeed>0</ns14:PasswordFrmSeed><ns14:OrganizationKey>uddi:soa.com:registryorganization</ns14:OrganizationKey><ns14:PasswordSalt>d5QmQaPYbWuMJiQCPewpkA0qiOhD4blIOXioLBLJFb6WlfC+kQs860yWDUemsh6OyS7RuXV8MnT1aKjh8oSd3Q==</ns14:PasswordSalt></ns14:User><PKIGenerated>true</PKIGenerated></ExportUserIdentity></ExportObjectConfiguration></ExportConfiguration>