<?xml version="1.0" encoding="UTF-8"?>
<DepedendencyGraph version="1.1"><Nodes><Node type="urn:com:soa:ObjectKey"><ObjectKey class="com.soa.service.model.ServiceKey">uddi:9c91d075-efb8-11e4-b945-869d084cbfc5</ObjectKey><property class="java.lang.String" name="_NAME_" type="urn:com:soa:SimpleProperty">Quickbooks_OAuth_1.0_API_vs0</property></Node><Node type="urn:com:soa:ObjectKey"><ObjectKey class="com.soa.bpel.BpelKey">bpel:9d459020-efb8-11e4-b945-869d084cbfc5</ObjectKey></Node><Node type="urn:com:soa:ObjectKey"><ObjectKey class="com.soa.contracts.ContractKey">76f5430b-efc8-11e4-b945-869d084cbfc5:1032</ObjectKey><property class="java.lang.String" name="_NAME_" type="urn:com:soa:SimpleProperty">Anonymous</property></Node><Node type="urn:com:soa:ObjectKey"><ObjectKey class="com.soa.scripts.ScriptKey">script:0ac70e56-f1f0-11e4-b945-869d084cbfc5</ObjectKey><property class="java.lang.String" name="_NAME_" type="urn:com:soa:SimpleProperty">ParseQueryParms</property></Node><Node type="urn:com:soa:ObjectKey"><ObjectKey class="com.soa.policy.config.model.PolicyKey">urn:uuid:09408b2a-efc8-11e4-b945-869d084cbfc5</ObjectKey><property class="java.lang.String" name="_NAME_" type="urn:com:soa:SimpleProperty">PolicyVariables</property></Node><Node type="urn:com:soa:ObjectKey"><ObjectKey class="com.soa.service.operation.model.BindingOperationQualifiedKey">{https://oauth.intuit.com/oauth/v1}Quickbooks_OAuth_1.0_API_vs0$$${https://oauth.intuit.com/oauth/v1}Quickbooks_OAuth_1.0_API_Binding$$$POST__get_request_token</ObjectKey></Node><Node type="urn:com:soa:ObjectKey"><ObjectKey class="com.soa.security.util.QualifiedUserName">Local Domain\zZlOJCuF9#V55KUqNv9hoA==</ObjectKey></Node><Node type="urn:com:soa:ObjectKey"><ObjectKey class="com.soa.service.endpoint.EndpointKey">uddi:9c804444-efb8-11e4-b945-869d084cbfc5</ObjectKey></Node><Node type="urn:com:soa:ObjectKey"><ObjectKey class="com.soa.service.operation.model.OperationKey">9ce7dfba-efb8-11e4-b945-869d084cbfc5</ObjectKey></Node><Node type="urn:com:soa:ObjectKey"><ObjectKey class="com.soa.security.util.QualifiedUserName">Local Domain\b+2KlT03cRqkg+521uSj8w==</ObjectKey></Node><Node type="urn:com:soa:ObjectKey"><ObjectKey class="com.soa.service.operation.model.OperationKey">9c65422f-efb8-11e4-b945-869d084cbfc5</ObjectKey></Node><Node type="urn:com:soa:ObjectKey"><ObjectKey class="com.soa.bpel.BpelKey">bpel:9d15a67f-efb8-11e4-b945-869d084cbfc5</ObjectKey></Node><Node type="urn:com:soa:ObjectKey"><ObjectKey class="com.soa.service.model.ServiceKey">uddi:9c07b8da-efb8-11e4-b945-869d084cbfc5</ObjectKey><property class="java.lang.String" name="_NAME_" type="urn:com:soa:SimpleProperty">Quickbooks_OAuth_1.0_API</property></Node><Node type="urn:com:soa:ObjectKey"><ObjectKey class="com.soa.service.endpoint.EndpointKey">uddi:9dcc9a73-efb8-11e4-b945-869d084cbfc5</ObjectKey></Node><Node type="urn:com:soa:ObjectKey"><ObjectKey class="com.soa.service.operation.model.BindingOperationQualifiedKey">{https://oauth.intuit.com/oauth/v1}Quickbooks_OAuth_1.0_API$$${https://oauth.intuit.com/oauth/v1}Quickbooks_OAuth_1.0_API_Binding$$$GET__auth_success</ObjectKey></Node><Node type="urn:com:soa:ObjectKey"><ObjectKey class="com.soa.bpel.BpelKey">bpel:9fa3d5e6-efb9-11e4-b945-869d084cbfc5</ObjectKey></Node><Node type="urn:com:soa:ObjectKey"><ObjectKey class="com.soa.service.operation.model.BindingOperationQualifiedKey">{https://oauth.intuit.com/oauth/v1}Quickbooks_OAuth_1.0_API_vs0$$${https://oauth.intuit.com/oauth/v1}Quickbooks_OAuth_1.0_API_Binding$$$POST__get_access_token</ObjectKey></Node><Node type="urn:com:soa:ObjectKey"><ObjectKey class="com.soa.svccontainer.ContainerKey">283b5d7c-b1dc-456d-ad3d-98cb1fc5</ObjectKey><property class="java.lang.String" name="_NAME_" type="urn:com:soa:SimpleProperty">nd</property></Node><Node type="urn:com:soa:ObjectKey"><ObjectKey class="com.soa.service.operation.model.OperationKey">9cea9edb-efb8-11e4-b945-869d084cbfc5</ObjectKey></Node><Node type="urn:com:soa:ObjectKey"><ObjectKey class="com.soa.service.operation.model.OperationKey">9c673e00-efb8-11e4-b945-869d084cbfc5</ObjectKey></Node><Node type="urn:com:soa:ObjectKey"><ObjectKey class="com.soa.service.operation.model.BindingOperationQualifiedKey">{https://oauth.intuit.com/oauth/v1}Quickbooks_OAuth_1.0_API_vs0$$${https://oauth.intuit.com/oauth/v1}Quickbooks_OAuth_1.0_API_Binding$$$GET__auth_success</ObjectKey></Node><Node type="urn:com:soa:ObjectKey"><ObjectKey class="com.soa.service.operation.model.OperationKey">9ce71c69-efb8-11e4-b945-869d084cbfc5</ObjectKey></Node><Node type="urn:com:soa:ObjectKey"><ObjectKey class="com.soa.service.operation.model.BindingOperationQualifiedKey">{https://oauth.intuit.com/oauth/v1}Quickbooks_OAuth_1.0_API_vs0$$${https://oauth.intuit.com/oauth/v1}Quickbooks_OAuth_1.0_API_Binding$$$GET__authorize</ObjectKey></Node><Node type="urn:com:soa:ObjectKey"><ObjectKey class="com.soa.bpel.BpelKey">bpel:9d6d1551-efb8-11e4-b945-869d084cbfc5</ObjectKey></Node><Node type="urn:com:soa:ObjectKey"><ObjectKey class="com.soa.scripts.ScriptKey">script:3a82d74e-efc0-11e4-b945-869d084cbfc5</ObjectKey><property class="java.lang.String" name="_NAME_" type="urn:com:soa:SimpleProperty">RandomStringGenerator</property></Node><Node type="urn:com:soa:ObjectKey"><ObjectKey class="com.soa.service.operation.model.OperationKey">9eaa33a3-efb9-11e4-b945-869d084cbfc5</ObjectKey></Node><Node type="urn:com:soa:ObjectKey"><ObjectKey class="com.soa.scripts.ScriptKey">script:6d71e0e1-efbb-11e4-b945-869d084cbfc5</ObjectKey><property class="java.lang.String" name="_NAME_" type="urn:com:soa:SimpleProperty">Quickbooks-Common</property></Node><Node type="urn:com:soa:ObjectKey"><ObjectKey class="com.soa.bpel.BpelKey">bpel:e8541f36-efba-11e4-b945-869d084cbfc5</ObjectKey><property class="java.lang.String" name="_NAME_" type="urn:com:soa:SimpleProperty">getRequestToken</property></Node><Node type="urn:com:soa:ObjectKey"><ObjectKey class="com.soa.service.operation.model.BindingOperationQualifiedKey">{https://oauth.intuit.com/oauth/v1}Quickbooks_OAuth_1.0_API$$${https://oauth.intuit.com/oauth/v1}Quickbooks_OAuth_1.0_API_Binding$$$POST__get_access_token</ObjectKey></Node><Node type="urn:com:soa:ObjectKey"><ObjectKey class="com.soa.policy.config.model.PolicyKey">DetailedAuditing</ObjectKey><property class="java.lang.String" name="_NAME_" type="urn:com:soa:SimpleProperty">DetailedAuditing</property></Node><Node type="urn:com:soa:ObjectKey"><ObjectKey class="com.soa.service.operation.model.OperationKey">9c62d12e-efb8-11e4-b945-869d084cbfc5</ObjectKey></Node><Node type="urn:com:soa:ObjectKey"><ObjectKey class="com.soa.service.endpoint.EndpointKey">uddi:9dc1c502-efb8-11e4-b945-869d084cbfc5</ObjectKey></Node><Node type="urn:com:soa:ObjectKey"><ObjectKey class="com.soa.bpel.BpelKey">bpel:f8741ea9-efc6-11e4-b945-869d084cbfc5</ObjectKey><property class="java.lang.String" name="_NAME_" type="urn:com:soa:SimpleProperty">getAuthToken</property></Node><Node type="urn:com:soa:ObjectKey"><ObjectKey class="com.soa.organization.model.OrganizationKey">uddi:63922357-efb8-11e4-b945-869d084cbfc5</ObjectKey><property class="java.lang.String" name="_NAME_" type="urn:com:soa:SimpleProperty">Quickbooks API Hook</property></Node><Node type="urn:com:soa:ObjectKey"><ObjectKey class="com.soa.service.operation.model.BindingOperationQualifiedKey">{https://oauth.intuit.com/oauth/v1}Quickbooks_OAuth_1.0_API$$${https://oauth.intuit.com/oauth/v1}Quickbooks_OAuth_1.0_API_Binding$$$GET__authorize</ObjectKey></Node><Node type="urn:com:soa:ObjectKey"><ObjectKey class="com.soa.service.operation.model.BindingOperationQualifiedKey">{https://oauth.intuit.com/oauth/v1}Quickbooks_OAuth_1.0_API$$${https://oauth.intuit.com/oauth/v1}Quickbooks_OAuth_1.0_API_Binding$$$POST__get_request_token</ObjectKey></Node><Node type="urn:com:soa:ObjectKey"><ObjectKey class="com.soa.wsdl.model.impl.WsdlInterfaceImpl">uddi:298135b3-ac37-48eb-b632-e7b185d2883c</ObjectKey><property class="java.lang.String" name="_NAME_" type="urn:com:soa:SimpleProperty">{https://oauth.intuit.com/oauth/v1}Quickbooks_OAuth_1.0_API_PortType</property></Node><Node type="urn:com:soa:ObjectKey"><ObjectKey class="com.soa.scripts.ScriptKey">script:06f90a74-f141-11e4-b945-869d084cbfc5</ObjectKey><property class="java.lang.String" name="_NAME_" type="urn:com:soa:SimpleProperty">CryptoJS-3.1.2</property></Node><Node type="urn:com:soa:ObjectKey"><ObjectKey class="com.soa.service.operation.model.OperationKey">9e8323a2-efb9-11e4-b945-869d084cbfc5</ObjectKey></Node><Node type="urn:com:soa:ObjectKey"><ObjectKey class="com.soa.scripts.ScriptKey">script:2fec3a2e-f147-11e4-b945-869d084cbfc5</ObjectKey><property class="java.lang.String" name="_NAME_" type="urn:com:soa:SimpleProperty">CryptoJS-enc-base64</property></Node><Node type="urn:com:soa:ObjectKey"><ObjectKey class="com.soa.wsdl.model.impl.WsdlBindingImpl">uddi:5bf0bf62-d22f-38b3-5ab4-a3cfee4f039c</ObjectKey><property class="java.lang.String" name="_NAME_" type="urn:com:soa:SimpleProperty">{https://oauth.intuit.com/oauth/v1}Quickbooks_OAuth_1.0_API_Binding</property></Node></Nodes><Links><Link type="process->process:ReferedBy"><From><Node type="urn:com:soa:ObjectKey"><ObjectKey class="com.soa.bpel.BpelKey">bpel:f8741ea9-efc6-11e4-b945-869d084cbfc5</ObjectKey></Node></From><To><Node type="urn:com:soa:ObjectKey"><ObjectKey class="com.soa.bpel.BpelKey">bpel:9d6d1551-efb8-11e4-b945-869d084cbfc5</ObjectKey></Node></To></Link><Link type="operation->service:parent"><From><Node type="urn:com:soa:ObjectKey"><ObjectKey class="com.soa.service.operation.model.OperationKey">9cea9edb-efb8-11e4-b945-869d084cbfc5</ObjectKey></Node></From><To><Node type="urn:com:soa:ObjectKey"><ObjectKey class="com.soa.service.model.ServiceKey">uddi:9c91d075-efb8-11e4-b945-869d084cbfc5</ObjectKey></Node></To></Link><Link type="service->operation:child"><From><Node type="urn:com:soa:ObjectKey"><ObjectKey class="com.soa.service.model.ServiceKey">uddi:9c91d075-efb8-11e4-b945-869d084cbfc5</ObjectKey></Node></From><To><Node type="urn:com:soa:ObjectKey"><ObjectKey class="com.soa.service.operation.model.OperationKey">9e8323a2-efb9-11e4-b945-869d084cbfc5</ObjectKey></Node></To></Link><Link type="service->identity:refer"><From><Node type="urn:com:soa:ObjectKey"><ObjectKey class="com.soa.service.model.ServiceKey">uddi:9c07b8da-efb8-11e4-b945-869d084cbfc5</ObjectKey></Node></From><To><Node type="urn:com:soa:ObjectKey"><ObjectKey class="com.soa.security.util.QualifiedUserName">Local Domain\b+2KlT03cRqkg+521uSj8w==</ObjectKey></Node></To></Link><Link type="endpoint->service:parent"><From><Node type="urn:com:soa:ObjectKey"><ObjectKey class="com.soa.service.endpoint.EndpointKey">uddi:9dc1c502-efb8-11e4-b945-869d084cbfc5</ObjectKey></Node></From><To><Node type="urn:com:soa:ObjectKey"><ObjectKey class="com.soa.service.model.ServiceKey">uddi:9c91d075-efb8-11e4-b945-869d084cbfc5</ObjectKey></Node></To></Link><Link type="service->bndoperation:child"><From><Node type="urn:com:soa:ObjectKey"><ObjectKey class="com.soa.service.model.ServiceKey">uddi:9c91d075-efb8-11e4-b945-869d084cbfc5</ObjectKey></Node></From><To><Node type="urn:com:soa:ObjectKey"><ObjectKey class="com.soa.service.operation.model.BindingOperationQualifiedKey">{https://oauth.intuit.com/oauth/v1}Quickbooks_OAuth_1.0_API_vs0$$${https://oauth.intuit.com/oauth/v1}Quickbooks_OAuth_1.0_API_Binding$$$GET__authorize</ObjectKey></Node></To></Link><Link type="service->bndoperation:child"><From><Node type="urn:com:soa:ObjectKey"><ObjectKey class="com.soa.service.model.ServiceKey">uddi:9c07b8da-efb8-11e4-b945-869d084cbfc5</ObjectKey></Node></From><To><Node type="urn:com:soa:ObjectKey"><ObjectKey class="com.soa.service.operation.model.BindingOperationQualifiedKey">{https://oauth.intuit.com/oauth/v1}Quickbooks_OAuth_1.0_API$$${https://oauth.intuit.com/oauth/v1}Quickbooks_OAuth_1.0_API_Binding$$$GET__authorize</ObjectKey></Node></To></Link><Link type="proxysvc->service:proxyFor"><From><Node type="urn:com:soa:ObjectKey"><ObjectKey class="com.soa.service.model.ServiceKey">uddi:9c91d075-efb8-11e4-b945-869d084cbfc5</ObjectKey></Node></From><To><Node type="urn:com:soa:ObjectKey"><ObjectKey class="com.soa.service.model.ServiceKey">uddi:9c07b8da-efb8-11e4-b945-869d084cbfc5</ObjectKey></Node></To></Link><Link type="org->operational_policy:child"><From><Node type="urn:com:soa:ObjectKey"><ObjectKey class="com.soa.organization.model.OrganizationKey">uddi:63922357-efb8-11e4-b945-869d084cbfc5</ObjectKey></Node></From><To><Node type="urn:com:soa:ObjectKey"><ObjectKey class="com.soa.policy.config.model.PolicyKey">urn:uuid:09408b2a-efc8-11e4-b945-869d084cbfc5</ObjectKey></Node></To></Link><Link type="service->identity:refer"><From><Node type="urn:com:soa:ObjectKey"><ObjectKey class="com.soa.service.model.ServiceKey">uddi:9c91d075-efb8-11e4-b945-869d084cbfc5</ObjectKey></Node></From><To><Node type="urn:com:soa:ObjectKey"><ObjectKey class="com.soa.security.util.QualifiedUserName">Local Domain\zZlOJCuF9#V55KUqNv9hoA==</ObjectKey></Node></To></Link><Link type="bndoperation->service:parent"><From><Node type="urn:com:soa:ObjectKey"><ObjectKey class="com.soa.service.operation.model.BindingOperationQualifiedKey">{https://oauth.intuit.com/oauth/v1}Quickbooks_OAuth_1.0_API$$${https://oauth.intuit.com/oauth/v1}Quickbooks_OAuth_1.0_API_Binding$$$GET__authorize</ObjectKey></Node></From><To><Node type="urn:com:soa:ObjectKey"><ObjectKey class="com.soa.service.model.ServiceKey">uddi:9c07b8da-efb8-11e4-b945-869d084cbfc5</ObjectKey></Node></To></Link><Link type="service->operation:child"><From><Node type="urn:com:soa:ObjectKey"><ObjectKey class="com.soa.service.model.ServiceKey">uddi:9c07b8da-efb8-11e4-b945-869d084cbfc5</ObjectKey></Node></From><To><Node type="urn:com:soa:ObjectKey"><ObjectKey class="com.soa.service.operation.model.OperationKey">9c62d12e-efb8-11e4-b945-869d084cbfc5</ObjectKey></Node></To></Link><Link type="bndoperation->service:parent"><From><Node type="urn:com:soa:ObjectKey"><ObjectKey class="com.soa.service.operation.model.BindingOperationQualifiedKey">{https://oauth.intuit.com/oauth/v1}Quickbooks_OAuth_1.0_API_vs0$$${https://oauth.intuit.com/oauth/v1}Quickbooks_OAuth_1.0_API_Binding$$$GET__authorize</ObjectKey></Node></From><To><Node type="urn:com:soa:ObjectKey"><ObjectKey class="com.soa.service.model.ServiceKey">uddi:9c91d075-efb8-11e4-b945-869d084cbfc5</ObjectKey></Node></To></Link><Link type="service->container:Hosts"><From><Node type="urn:com:soa:ObjectKey"><ObjectKey class="com.soa.service.model.ServiceKey">uddi:9c91d075-efb8-11e4-b945-869d084cbfc5</ObjectKey></Node></From><To><Node type="urn:com:soa:ObjectKey"><ObjectKey class="com.soa.svccontainer.ContainerKey">283b5d7c-b1dc-456d-ad3d-98cb1fc5</ObjectKey></Node></To></Link><Link type="endpoint->service:parent"><From><Node type="urn:com:soa:ObjectKey"><ObjectKey class="com.soa.service.endpoint.EndpointKey">uddi:9dcc9a73-efb8-11e4-b945-869d084cbfc5</ObjectKey></Node></From><To><Node type="urn:com:soa:ObjectKey"><ObjectKey class="com.soa.service.model.ServiceKey">uddi:9c91d075-efb8-11e4-b945-869d084cbfc5</ObjectKey></Node></To></Link><Link type="operationalpolicy->service:refer"><From><Node type="urn:com:soa:ObjectKey"><ObjectKey class="com.soa.policy.config.model.PolicyKey">DetailedAuditing</ObjectKey></Node></From><To><Node type="urn:com:soa:ObjectKey"><ObjectKey class="com.soa.service.model.ServiceKey">uddi:9c91d075-efb8-11e4-b945-869d084cbfc5</ObjectKey></Node></To></Link><Link type="binding->service:implements"><From><Node type="urn:com:soa:ObjectKey"><ObjectKey class="com.soa.wsdl.model.impl.WsdlBindingImpl">uddi:5bf0bf62-d22f-38b3-5ab4-a3cfee4f039c</ObjectKey></Node></From><To><Node type="urn:com:soa:ObjectKey"><ObjectKey class="com.soa.service.model.ServiceKey">uddi:9c91d075-efb8-11e4-b945-869d084cbfc5</ObjectKey></Node></To></Link><Link type="container->service:HostedBy"><From><Node type="urn:com:soa:ObjectKey"><ObjectKey class="com.soa.svccontainer.ContainerKey">283b5d7c-b1dc-456d-ad3d-98cb1fc5</ObjectKey></Node></From><To><Node type="urn:com:soa:ObjectKey"><ObjectKey class="com.soa.service.model.ServiceKey">uddi:9c91d075-efb8-11e4-b945-869d084cbfc5</ObjectKey></Node></To></Link><Link type="service->bndoperation:child"><From><Node type="urn:com:soa:ObjectKey"><ObjectKey class="com.soa.service.model.ServiceKey">uddi:9c07b8da-efb8-11e4-b945-869d084cbfc5</ObjectKey></Node></From><To><Node type="urn:com:soa:ObjectKey"><ObjectKey class="com.soa.service.operation.model.BindingOperationQualifiedKey">{https://oauth.intuit.com/oauth/v1}Quickbooks_OAuth_1.0_API$$${https://oauth.intuit.com/oauth/v1}Quickbooks_OAuth_1.0_API_Binding$$$GET__auth_success</ObjectKey></Node></To></Link><Link type="service->endpoint:child"><From><Node type="urn:com:soa:ObjectKey"><ObjectKey class="com.soa.service.model.ServiceKey">uddi:9c07b8da-efb8-11e4-b945-869d084cbfc5</ObjectKey></Node></From><To><Node type="urn:com:soa:ObjectKey"><ObjectKey class="com.soa.service.endpoint.EndpointKey">uddi:9c804444-efb8-11e4-b945-869d084cbfc5</ObjectKey></Node></To></Link><Link type="interface->binding:implements"><From><Node type="urn:com:soa:ObjectKey"><ObjectKey class="com.soa.wsdl.model.impl.WsdlInterfaceImpl">uddi:298135b3-ac37-48eb-b632-e7b185d2883c</ObjectKey></Node></From><To><Node type="urn:com:soa:ObjectKey"><ObjectKey class="com.soa.wsdl.model.impl.WsdlBindingImpl">uddi:5bf0bf62-d22f-38b3-5ab4-a3cfee4f039c</ObjectKey></Node></To></Link><Link type="service->operation:child"><From><Node type="urn:com:soa:ObjectKey"><ObjectKey class="com.soa.service.model.ServiceKey">uddi:9c91d075-efb8-11e4-b945-869d084cbfc5</ObjectKey></Node></From><To><Node type="urn:com:soa:ObjectKey"><ObjectKey class="com.soa.service.operation.model.OperationKey">9ce7dfba-efb8-11e4-b945-869d084cbfc5</ObjectKey></Node></To></Link><Link type="bndoperation->service:parent"><From><Node type="urn:com:soa:ObjectKey"><ObjectKey class="com.soa.service.operation.model.BindingOperationQualifiedKey">{https://oauth.intuit.com/oauth/v1}Quickbooks_OAuth_1.0_API$$${https://oauth.intuit.com/oauth/v1}Quickbooks_OAuth_1.0_API_Binding$$$GET__auth_success</ObjectKey></Node></From><To><Node type="urn:com:soa:ObjectKey"><ObjectKey class="com.soa.service.model.ServiceKey">uddi:9c07b8da-efb8-11e4-b945-869d084cbfc5</ObjectKey></Node></To></Link><Link type="operation->service:parent"><From><Node type="urn:com:soa:ObjectKey"><ObjectKey class="com.soa.service.operation.model.OperationKey">9ce71c69-efb8-11e4-b945-869d084cbfc5</ObjectKey></Node></From><To><Node type="urn:com:soa:ObjectKey"><ObjectKey class="com.soa.service.model.ServiceKey">uddi:9c91d075-efb8-11e4-b945-869d084cbfc5</ObjectKey></Node></To></Link><Link type="binding->service:implements"><From><Node type="urn:com:soa:ObjectKey"><ObjectKey class="com.soa.wsdl.model.impl.WsdlBindingImpl">uddi:5bf0bf62-d22f-38b3-5ab4-a3cfee4f039c</ObjectKey></Node></From><To><Node type="urn:com:soa:ObjectKey"><ObjectKey class="com.soa.service.model.ServiceKey">uddi:9c07b8da-efb8-11e4-b945-869d084cbfc5</ObjectKey></Node></To></Link><Link type="service->operation:child"><From><Node type="urn:com:soa:ObjectKey"><ObjectKey class="com.soa.service.model.ServiceKey">uddi:9c07b8da-efb8-11e4-b945-869d084cbfc5</ObjectKey></Node></From><To><Node type="urn:com:soa:ObjectKey"><ObjectKey class="com.soa.service.operation.model.OperationKey">9c65422f-efb8-11e4-b945-869d084cbfc5</ObjectKey></Node></To></Link><Link type="process->organization:refer"><From><Node type="urn:com:soa:ObjectKey"><ObjectKey class="com.soa.bpel.BpelKey">bpel:f8741ea9-efc6-11e4-b945-869d084cbfc5</ObjectKey></Node></From><To><Node type="urn:com:soa:ObjectKey"><ObjectKey class="com.soa.organization.model.OrganizationKey">uddi:63922357-efb8-11e4-b945-869d084cbfc5</ObjectKey></Node></To></Link><Link type="script->organization:refer"><From><Node type="urn:com:soa:ObjectKey"><ObjectKey class="com.soa.scripts.ScriptKey">script:0ac70e56-f1f0-11e4-b945-869d084cbfc5</ObjectKey></Node></From><To><Node type="urn:com:soa:ObjectKey"><ObjectKey class="com.soa.organization.model.OrganizationKey">uddi:63922357-efb8-11e4-b945-869d084cbfc5</ObjectKey></Node></To></Link><Link type="service->org:parent"><From><Node type="urn:com:soa:ObjectKey"><ObjectKey class="com.soa.service.model.ServiceKey">uddi:9c07b8da-efb8-11e4-b945-869d084cbfc5</ObjectKey></Node></From><To><Node type="urn:com:soa:ObjectKey"><ObjectKey class="com.soa.organization.model.OrganizationKey">uddi:63922357-efb8-11e4-b945-869d084cbfc5</ObjectKey></Node></To></Link><Link type="service->endpoint:child"><From><Node type="urn:com:soa:ObjectKey"><ObjectKey class="com.soa.service.model.ServiceKey">uddi:9c91d075-efb8-11e4-b945-869d084cbfc5</ObjectKey></Node></From><To><Node type="urn:com:soa:ObjectKey"><ObjectKey class="com.soa.service.endpoint.EndpointKey">uddi:9dc1c502-efb8-11e4-b945-869d084cbfc5</ObjectKey></Node></To></Link><Link type="organization->process:ReferedBy"><From><Node type="urn:com:soa:ObjectKey"><ObjectKey class="com.soa.organization.model.OrganizationKey">uddi:63922357-efb8-11e4-b945-869d084cbfc5</ObjectKey></Node></From><To><Node type="urn:com:soa:ObjectKey"><ObjectKey class="com.soa.bpel.BpelKey">bpel:e8541f36-efba-11e4-b945-869d084cbfc5</ObjectKey></Node></To></Link><Link type="service->bndoperation:child"><From><Node type="urn:com:soa:ObjectKey"><ObjectKey class="com.soa.service.model.ServiceKey">uddi:9c07b8da-efb8-11e4-b945-869d084cbfc5</ObjectKey></Node></From><To><Node type="urn:com:soa:ObjectKey"><ObjectKey class="com.soa.service.operation.model.BindingOperationQualifiedKey">{https://oauth.intuit.com/oauth/v1}Quickbooks_OAuth_1.0_API$$${https://oauth.intuit.com/oauth/v1}Quickbooks_OAuth_1.0_API_Binding$$$POST__get_request_token</ObjectKey></Node></To></Link><Link type="organization->process:ReferedBy"><From><Node type="urn:com:soa:ObjectKey"><ObjectKey class="com.soa.organization.model.OrganizationKey">uddi:63922357-efb8-11e4-b945-869d084cbfc5</ObjectKey></Node></From><To><Node type="urn:com:soa:ObjectKey"><ObjectKey class="com.soa.bpel.BpelKey">bpel:f8741ea9-efc6-11e4-b945-869d084cbfc5</ObjectKey></Node></To></Link><Link type="operation->service:parent"><From><Node type="urn:com:soa:ObjectKey"><ObjectKey class="com.soa.service.operation.model.OperationKey">9ce7dfba-efb8-11e4-b945-869d084cbfc5</ObjectKey></Node></From><To><Node type="urn:com:soa:ObjectKey"><ObjectKey class="com.soa.service.model.ServiceKey">uddi:9c91d075-efb8-11e4-b945-869d084cbfc5</ObjectKey></Node></To></Link><Link type="service->org:parent"><From><Node type="urn:com:soa:ObjectKey"><ObjectKey class="com.soa.service.model.ServiceKey">uddi:9c91d075-efb8-11e4-b945-869d084cbfc5</ObjectKey></Node></From><To><Node type="urn:com:soa:ObjectKey"><ObjectKey class="com.soa.organization.model.OrganizationKey">uddi:63922357-efb8-11e4-b945-869d084cbfc5</ObjectKey></Node></To></Link><Link type="bndoperation->service:parent"><From><Node type="urn:com:soa:ObjectKey"><ObjectKey class="com.soa.service.operation.model.BindingOperationQualifiedKey">{https://oauth.intuit.com/oauth/v1}Quickbooks_OAuth_1.0_API$$${https://oauth.intuit.com/oauth/v1}Quickbooks_OAuth_1.0_API_Binding$$$POST__get_request_token</ObjectKey></Node></From><To><Node type="urn:com:soa:ObjectKey"><ObjectKey class="com.soa.service.model.ServiceKey">uddi:9c07b8da-efb8-11e4-b945-869d084cbfc5</ObjectKey></Node></To></Link><Link type="process->organization:refer"><From><Node type="urn:com:soa:ObjectKey"><ObjectKey class="com.soa.bpel.BpelKey">bpel:e8541f36-efba-11e4-b945-869d084cbfc5</ObjectKey></Node></From><To><Node type="urn:com:soa:ObjectKey"><ObjectKey class="com.soa.organization.model.OrganizationKey">uddi:63922357-efb8-11e4-b945-869d084cbfc5</ObjectKey></Node></To></Link><Link type="service->operation:child"><From><Node type="urn:com:soa:ObjectKey"><ObjectKey class="com.soa.service.model.ServiceKey">uddi:9c91d075-efb8-11e4-b945-869d084cbfc5</ObjectKey></Node></From><To><Node type="urn:com:soa:ObjectKey"><ObjectKey class="com.soa.service.operation.model.OperationKey">9ce71c69-efb8-11e4-b945-869d084cbfc5</ObjectKey></Node></To></Link><Link type="operation->service:parent"><From><Node type="urn:com:soa:ObjectKey"><ObjectKey class="com.soa.service.operation.model.OperationKey">9c65422f-efb8-11e4-b945-869d084cbfc5</ObjectKey></Node></From><To><Node type="urn:com:soa:ObjectKey"><ObjectKey class="com.soa.service.model.ServiceKey">uddi:9c07b8da-efb8-11e4-b945-869d084cbfc5</ObjectKey></Node></To></Link><Link type="service->operationalpolicy:ReferedBy"><From><Node type="urn:com:soa:ObjectKey"><ObjectKey class="com.soa.service.model.ServiceKey">uddi:9c91d075-efb8-11e4-b945-869d084cbfc5</ObjectKey></Node></From><To><Node type="urn:com:soa:ObjectKey"><ObjectKey class="com.soa.policy.config.model.PolicyKey">DetailedAuditing</ObjectKey></Node></To></Link><Link type="bpel->virtualop:routedBy"><From><Node type="urn:com:soa:ObjectKey"><ObjectKey class="com.soa.bpel.BpelKey">bpel:9d15a67f-efb8-11e4-b945-869d084cbfc5</ObjectKey></Node></From><To><Node type="urn:com:soa:ObjectKey"><ObjectKey class="com.soa.service.operation.model.OperationKey">9ce71c69-efb8-11e4-b945-869d084cbfc5</ObjectKey></Node></To></Link><Link type="service->endpoint:child"><From><Node type="urn:com:soa:ObjectKey"><ObjectKey class="com.soa.service.model.ServiceKey">uddi:9c91d075-efb8-11e4-b945-869d084cbfc5</ObjectKey></Node></From><To><Node type="urn:com:soa:ObjectKey"><ObjectKey class="com.soa.service.endpoint.EndpointKey">uddi:9dcc9a73-efb8-11e4-b945-869d084cbfc5</ObjectKey></Node></To></Link><Link type="virtualop->bpel:route"><From><Node type="urn:com:soa:ObjectKey"><ObjectKey class="com.soa.service.operation.model.OperationKey">9ce71c69-efb8-11e4-b945-869d084cbfc5</ObjectKey></Node></From><To><Node type="urn:com:soa:ObjectKey"><ObjectKey class="com.soa.bpel.BpelKey">bpel:9d15a67f-efb8-11e4-b945-869d084cbfc5</ObjectKey></Node></To></Link><Link type="service->operation:child"><From><Node type="urn:com:soa:ObjectKey"><ObjectKey class="com.soa.service.model.ServiceKey">uddi:9c91d075-efb8-11e4-b945-869d084cbfc5</ObjectKey></Node></From><To><Node type="urn:com:soa:ObjectKey"><ObjectKey class="com.soa.service.operation.model.OperationKey">9cea9edb-efb8-11e4-b945-869d084cbfc5</ObjectKey></Node></To></Link><Link type="operation->service:parent"><From><Node type="urn:com:soa:ObjectKey"><ObjectKey class="com.soa.service.operation.model.OperationKey">9e8323a2-efb9-11e4-b945-869d084cbfc5</ObjectKey></Node></From><To><Node type="urn:com:soa:ObjectKey"><ObjectKey class="com.soa.service.model.ServiceKey">uddi:9c91d075-efb8-11e4-b945-869d084cbfc5</ObjectKey></Node></To></Link><Link type="interface->service:implements"><From><Node type="urn:com:soa:ObjectKey"><ObjectKey class="com.soa.wsdl.model.impl.WsdlInterfaceImpl">uddi:298135b3-ac37-48eb-b632-e7b185d2883c</ObjectKey></Node></From><To><Node type="urn:com:soa:ObjectKey"><ObjectKey class="com.soa.service.model.ServiceKey">uddi:9c91d075-efb8-11e4-b945-869d084cbfc5</ObjectKey></Node></To></Link><Link type="service->bndoperation:child"><From><Node type="urn:com:soa:ObjectKey"><ObjectKey class="com.soa.service.model.ServiceKey">uddi:9c91d075-efb8-11e4-b945-869d084cbfc5</ObjectKey></Node></From><To><Node type="urn:com:soa:ObjectKey"><ObjectKey class="com.soa.service.operation.model.BindingOperationQualifiedKey">{https://oauth.intuit.com/oauth/v1}Quickbooks_OAuth_1.0_API_vs0$$${https://oauth.intuit.com/oauth/v1}Quickbooks_OAuth_1.0_API_Binding$$$POST__get_request_token</ObjectKey></Node></To></Link><Link type="script->organization:refer"><From><Node type="urn:com:soa:ObjectKey"><ObjectKey class="com.soa.scripts.ScriptKey">script:6d71e0e1-efbb-11e4-b945-869d084cbfc5</ObjectKey></Node></From><To><Node type="urn:com:soa:ObjectKey"><ObjectKey class="com.soa.organization.model.OrganizationKey">uddi:63922357-efb8-11e4-b945-869d084cbfc5</ObjectKey></Node></To></Link><Link type="process->process:ReferedBy"><From><Node type="urn:com:soa:ObjectKey"><ObjectKey class="com.soa.bpel.BpelKey">bpel:e8541f36-efba-11e4-b945-869d084cbfc5</ObjectKey></Node></From><To><Node type="urn:com:soa:ObjectKey"><ObjectKey class="com.soa.bpel.BpelKey">bpel:9fa3d5e6-efb9-11e4-b945-869d084cbfc5</ObjectKey></Node></To></Link><Link type="endpoint->service:parent"><From><Node type="urn:com:soa:ObjectKey"><ObjectKey class="com.soa.service.endpoint.EndpointKey">uddi:9c804444-efb8-11e4-b945-869d084cbfc5</ObjectKey></Node></From><To><Node type="urn:com:soa:ObjectKey"><ObjectKey class="com.soa.service.model.ServiceKey">uddi:9c07b8da-efb8-11e4-b945-869d084cbfc5</ObjectKey></Node></To></Link><Link type="interface->service:implements"><From><Node type="urn:com:soa:ObjectKey"><ObjectKey class="com.soa.wsdl.model.impl.WsdlInterfaceImpl">uddi:298135b3-ac37-48eb-b632-e7b185d2883c</ObjectKey></Node></From><To><Node type="urn:com:soa:ObjectKey"><ObjectKey class="com.soa.service.model.ServiceKey">uddi:9c07b8da-efb8-11e4-b945-869d084cbfc5</ObjectKey></Node></To></Link><Link type="bndoperation->service:parent"><From><Node type="urn:com:soa:ObjectKey"><ObjectKey class="com.soa.service.operation.model.BindingOperationQualifiedKey">{https://oauth.intuit.com/oauth/v1}Quickbooks_OAuth_1.0_API_vs0$$${https://oauth.intuit.com/oauth/v1}Quickbooks_OAuth_1.0_API_Binding$$$POST__get_request_token</ObjectKey></Node></From><To><Node type="urn:com:soa:ObjectKey"><ObjectKey class="com.soa.service.model.ServiceKey">uddi:9c91d075-efb8-11e4-b945-869d084cbfc5</ObjectKey></Node></To></Link><Link type="contract->org:ReferredBy"><From><Node type="urn:com:soa:ObjectKey"><ObjectKey class="com.soa.contracts.ContractKey">76f5430b-efc8-11e4-b945-869d084cbfc5:1032</ObjectKey></Node></From><To><Node type="urn:com:soa:ObjectKey"><ObjectKey class="com.soa.organization.model.OrganizationKey">uddi:63922357-efb8-11e4-b945-869d084cbfc5</ObjectKey></Node></To></Link><Link type="operation->service:parent"><From><Node type="urn:com:soa:ObjectKey"><ObjectKey class="com.soa.service.operation.model.OperationKey">9c62d12e-efb8-11e4-b945-869d084cbfc5</ObjectKey></Node></From><To><Node type="urn:com:soa:ObjectKey"><ObjectKey class="com.soa.service.model.ServiceKey">uddi:9c07b8da-efb8-11e4-b945-869d084cbfc5</ObjectKey></Node></To></Link><Link type="bpel->script:refer"><From><Node type="urn:com:soa:ObjectKey"><ObjectKey class="com.soa.bpel.BpelKey">bpel:f8741ea9-efc6-11e4-b945-869d084cbfc5</ObjectKey></Node></From><To><Node type="urn:com:soa:ObjectKey"><ObjectKey class="com.soa.scripts.ScriptKey">script:3a82d74e-efc0-11e4-b945-869d084cbfc5</ObjectKey></Node></To></Link><Link type="identity->service:ReferredBy"><From><Node type="urn:com:soa:ObjectKey"><ObjectKey class="com.soa.security.util.QualifiedUserName">Local Domain\b+2KlT03cRqkg+521uSj8w==</ObjectKey></Node></From><To><Node type="urn:com:soa:ObjectKey"><ObjectKey class="com.soa.service.model.ServiceKey">uddi:9c07b8da-efb8-11e4-b945-869d084cbfc5</ObjectKey></Node></To></Link><Link type="bndoperation->service:parent"><From><Node type="urn:com:soa:ObjectKey"><ObjectKey class="com.soa.service.operation.model.BindingOperationQualifiedKey">{https://oauth.intuit.com/oauth/v1}Quickbooks_OAuth_1.0_API$$${https://oauth.intuit.com/oauth/v1}Quickbooks_OAuth_1.0_API_Binding$$$POST__get_access_token</ObjectKey></Node></From><To><Node type="urn:com:soa:ObjectKey"><ObjectKey class="com.soa.service.model.ServiceKey">uddi:9c07b8da-efb8-11e4-b945-869d084cbfc5</ObjectKey></Node></To></Link><Link type="bpel->script:refer"><From><Node type="urn:com:soa:ObjectKey"><ObjectKey class="com.soa.bpel.BpelKey">bpel:f8741ea9-efc6-11e4-b945-869d084cbfc5</ObjectKey></Node></From><To><Node type="urn:com:soa:ObjectKey"><ObjectKey class="com.soa.scripts.ScriptKey">script:6d71e0e1-efbb-11e4-b945-869d084cbfc5</ObjectKey></Node></To></Link><Link type="service->bndoperation:child"><From><Node type="urn:com:soa:ObjectKey"><ObjectKey class="com.soa.service.model.ServiceKey">uddi:9c91d075-efb8-11e4-b945-869d084cbfc5</ObjectKey></Node></From><To><Node type="urn:com:soa:ObjectKey"><ObjectKey class="com.soa.service.operation.model.BindingOperationQualifiedKey">{https://oauth.intuit.com/oauth/v1}Quickbooks_OAuth_1.0_API_vs0$$${https://oauth.intuit.com/oauth/v1}Quickbooks_OAuth_1.0_API_Binding$$$GET__auth_success</ObjectKey></Node></To></Link><Link type="service->operation:child"><From><Node type="urn:com:soa:ObjectKey"><ObjectKey class="com.soa.service.model.ServiceKey">uddi:9c07b8da-efb8-11e4-b945-869d084cbfc5</ObjectKey></Node></From><To><Node type="urn:com:soa:ObjectKey"><ObjectKey class="com.soa.service.operation.model.OperationKey">9eaa33a3-efb9-11e4-b945-869d084cbfc5</ObjectKey></Node></To></Link><Link type="service->binding:ImplementedBy"><From><Node type="urn:com:soa:ObjectKey"><ObjectKey class="com.soa.service.model.ServiceKey">uddi:9c91d075-efb8-11e4-b945-869d084cbfc5</ObjectKey></Node></From><To><Node type="urn:com:soa:ObjectKey"><ObjectKey class="com.soa.wsdl.model.impl.WsdlBindingImpl">uddi:5bf0bf62-d22f-38b3-5ab4-a3cfee4f039c</ObjectKey></Node></To></Link><Link type="org->contract:refer"><From><Node type="urn:com:soa:ObjectKey"><ObjectKey class="com.soa.organization.model.OrganizationKey">uddi:63922357-efb8-11e4-b945-869d084cbfc5</ObjectKey></Node></From><To><Node type="urn:com:soa:ObjectKey"><ObjectKey class="com.soa.contracts.ContractKey">76f5430b-efc8-11e4-b945-869d084cbfc5:1032</ObjectKey></Node></To></Link><Link type="script->script:refer"><From><Node type="urn:com:soa:ObjectKey"><ObjectKey class="com.soa.scripts.ScriptKey">script:0ac70e56-f1f0-11e4-b945-869d084cbfc5</ObjectKey></Node></From><To><Node type="urn:com:soa:ObjectKey"><ObjectKey class="com.soa.scripts.ScriptKey">script:6d71e0e1-efbb-11e4-b945-869d084cbfc5</ObjectKey></Node></To></Link><Link type="bpel->script:refer"><From><Node type="urn:com:soa:ObjectKey"><ObjectKey class="com.soa.bpel.BpelKey">bpel:e8541f36-efba-11e4-b945-869d084cbfc5</ObjectKey></Node></From><To><Node type="urn:com:soa:ObjectKey"><ObjectKey class="com.soa.scripts.ScriptKey">script:2fec3a2e-f147-11e4-b945-869d084cbfc5</ObjectKey></Node></To></Link><Link type="service->interface:ImplementedBy"><From><Node type="urn:com:soa:ObjectKey"><ObjectKey class="com.soa.service.model.ServiceKey">uddi:9c91d075-efb8-11e4-b945-869d084cbfc5</ObjectKey></Node></From><To><Node type="urn:com:soa:ObjectKey"><ObjectKey class="com.soa.wsdl.model.impl.WsdlInterfaceImpl">uddi:298135b3-ac37-48eb-b632-e7b185d2883c</ObjectKey></Node></To></Link><Link type="identity->service:ReferredBy"><From><Node type="urn:com:soa:ObjectKey"><ObjectKey class="com.soa.security.util.QualifiedUserName">Local Domain\zZlOJCuF9#V55KUqNv9hoA==</ObjectKey></Node></From><To><Node type="urn:com:soa:ObjectKey"><ObjectKey class="com.soa.service.model.ServiceKey">uddi:9c91d075-efb8-11e4-b945-869d084cbfc5</ObjectKey></Node></To></Link><Link type="service->binding:ImplementedBy"><From><Node type="urn:com:soa:ObjectKey"><ObjectKey class="com.soa.service.model.ServiceKey">uddi:9c07b8da-efb8-11e4-b945-869d084cbfc5</ObjectKey></Node></From><To><Node type="urn:com:soa:ObjectKey"><ObjectKey class="com.soa.wsdl.model.impl.WsdlBindingImpl">uddi:5bf0bf62-d22f-38b3-5ab4-a3cfee4f039c</ObjectKey></Node></To></Link><Link type="bpel->script:refer"><From><Node type="urn:com:soa:ObjectKey"><ObjectKey class="com.soa.bpel.BpelKey">bpel:f8741ea9-efc6-11e4-b945-869d084cbfc5</ObjectKey></Node></From><To><Node type="urn:com:soa:ObjectKey"><ObjectKey class="com.soa.scripts.ScriptKey">script:2fec3a2e-f147-11e4-b945-869d084cbfc5</ObjectKey></Node></To></Link><Link type="process->process:refer"><From><Node type="urn:com:soa:ObjectKey"><ObjectKey class="com.soa.bpel.BpelKey">bpel:9d6d1551-efb8-11e4-b945-869d084cbfc5</ObjectKey></Node></From><To><Node type="urn:com:soa:ObjectKey"><ObjectKey class="com.soa.bpel.BpelKey">bpel:f8741ea9-efc6-11e4-b945-869d084cbfc5</ObjectKey></Node></To></Link><Link type="operational_policy->org:parent"><From><Node type="urn:com:soa:ObjectKey"><ObjectKey class="com.soa.policy.config.model.PolicyKey">urn:uuid:09408b2a-efc8-11e4-b945-869d084cbfc5</ObjectKey></Node></From><To><Node type="urn:com:soa:ObjectKey"><ObjectKey class="com.soa.organization.model.OrganizationKey">uddi:63922357-efb8-11e4-b945-869d084cbfc5</ObjectKey></Node></To></Link><Link type="bpel->script:refer"><From><Node type="urn:com:soa:ObjectKey"><ObjectKey class="com.soa.bpel.BpelKey">bpel:e8541f36-efba-11e4-b945-869d084cbfc5</ObjectKey></Node></From><To><Node type="urn:com:soa:ObjectKey"><ObjectKey class="com.soa.scripts.ScriptKey">script:3a82d74e-efc0-11e4-b945-869d084cbfc5</ObjectKey></Node></To></Link><Link type="bndoperation->service:parent"><From><Node type="urn:com:soa:ObjectKey"><ObjectKey class="com.soa.service.operation.model.BindingOperationQualifiedKey">{https://oauth.intuit.com/oauth/v1}Quickbooks_OAuth_1.0_API_vs0$$${https://oauth.intuit.com/oauth/v1}Quickbooks_OAuth_1.0_API_Binding$$$GET__auth_success</ObjectKey></Node></From><To><Node type="urn:com:soa:ObjectKey"><ObjectKey class="com.soa.service.model.ServiceKey">uddi:9c91d075-efb8-11e4-b945-869d084cbfc5</ObjectKey></Node></To></Link><Link type="bpel->script:refer"><From><Node type="urn:com:soa:ObjectKey"><ObjectKey class="com.soa.bpel.BpelKey">bpel:e8541f36-efba-11e4-b945-869d084cbfc5</ObjectKey></Node></From><To><Node type="urn:com:soa:ObjectKey"><ObjectKey class="com.soa.scripts.ScriptKey">script:6d71e0e1-efbb-11e4-b945-869d084cbfc5</ObjectKey></Node></To></Link><Link type="service->interface:ImplementedBy"><From><Node type="urn:com:soa:ObjectKey"><ObjectKey class="com.soa.service.model.ServiceKey">uddi:9c07b8da-efb8-11e4-b945-869d084cbfc5</ObjectKey></Node></From><To><Node type="urn:com:soa:ObjectKey"><ObjectKey class="com.soa.wsdl.model.impl.WsdlInterfaceImpl">uddi:298135b3-ac37-48eb-b632-e7b185d2883c</ObjectKey></Node></To></Link><Link type="service->bndoperation:child"><From><Node type="urn:com:soa:ObjectKey"><ObjectKey class="com.soa.service.model.ServiceKey">uddi:9c07b8da-efb8-11e4-b945-869d084cbfc5</ObjectKey></Node></From><To><Node type="urn:com:soa:ObjectKey"><ObjectKey class="com.soa.service.operation.model.BindingOperationQualifiedKey">{https://oauth.intuit.com/oauth/v1}Quickbooks_OAuth_1.0_API$$${https://oauth.intuit.com/oauth/v1}Quickbooks_OAuth_1.0_API_Binding$$$POST__get_access_token</ObjectKey></Node></To></Link><Link type="bndoperation->service:parent"><From><Node type="urn:com:soa:ObjectKey"><ObjectKey class="com.soa.service.operation.model.BindingOperationQualifiedKey">{https://oauth.intuit.com/oauth/v1}Quickbooks_OAuth_1.0_API_vs0$$${https://oauth.intuit.com/oauth/v1}Quickbooks_OAuth_1.0_API_Binding$$$POST__get_access_token</ObjectKey></Node></From><To><Node type="urn:com:soa:ObjectKey"><ObjectKey class="com.soa.service.model.ServiceKey">uddi:9c91d075-efb8-11e4-b945-869d084cbfc5</ObjectKey></Node></To></Link><Link type="virtualop->bpel:route"><From><Node type="urn:com:soa:ObjectKey"><ObjectKey class="com.soa.service.operation.model.OperationKey">9cea9edb-efb8-11e4-b945-869d084cbfc5</ObjectKey></Node></From><To><Node type="urn:com:soa:ObjectKey"><ObjectKey class="com.soa.bpel.BpelKey">bpel:9d6d1551-efb8-11e4-b945-869d084cbfc5</ObjectKey></Node></To></Link><Link type="bpel->virtualop:routedBy"><From><Node type="urn:com:soa:ObjectKey"><ObjectKey class="com.soa.bpel.BpelKey">bpel:9d6d1551-efb8-11e4-b945-869d084cbfc5</ObjectKey></Node></From><To><Node type="urn:com:soa:ObjectKey"><ObjectKey class="com.soa.service.operation.model.OperationKey">9cea9edb-efb8-11e4-b945-869d084cbfc5</ObjectKey></Node></To></Link><Link type="org->service:child"><From><Node type="urn:com:soa:ObjectKey"><ObjectKey class="com.soa.organization.model.OrganizationKey">uddi:63922357-efb8-11e4-b945-869d084cbfc5</ObjectKey></Node></From><To><Node type="urn:com:soa:ObjectKey"><ObjectKey class="com.soa.service.model.ServiceKey">uddi:9c91d075-efb8-11e4-b945-869d084cbfc5</ObjectKey></Node></To></Link><Link type="script->bpel:ReferedBy"><From><Node type="urn:com:soa:ObjectKey"><ObjectKey class="com.soa.scripts.ScriptKey">script:06f90a74-f141-11e4-b945-869d084cbfc5</ObjectKey></Node></From><To><Node type="urn:com:soa:ObjectKey"><ObjectKey class="com.soa.bpel.BpelKey">bpel:f8741ea9-efc6-11e4-b945-869d084cbfc5</ObjectKey></Node></To></Link><Link type="binding->interface:ImplementedBy"><From><Node type="urn:com:soa:ObjectKey"><ObjectKey class="com.soa.wsdl.model.impl.WsdlBindingImpl">uddi:5bf0bf62-d22f-38b3-5ab4-a3cfee4f039c</ObjectKey></Node></From><To><Node type="urn:com:soa:ObjectKey"><ObjectKey class="com.soa.wsdl.model.impl.WsdlInterfaceImpl">uddi:298135b3-ac37-48eb-b632-e7b185d2883c</ObjectKey></Node></To></Link><Link type="script->bpel:ReferedBy"><From><Node type="urn:com:soa:ObjectKey"><ObjectKey class="com.soa.scripts.ScriptKey">script:6d71e0e1-efbb-11e4-b945-869d084cbfc5</ObjectKey></Node></From><To><Node type="urn:com:soa:ObjectKey"><ObjectKey class="com.soa.bpel.BpelKey">bpel:9d6d1551-efb8-11e4-b945-869d084cbfc5</ObjectKey></Node></To></Link><Link type="bpel->script:refer"><From><Node type="urn:com:soa:ObjectKey"><ObjectKey class="com.soa.bpel.BpelKey">bpel:f8741ea9-efc6-11e4-b945-869d084cbfc5</ObjectKey></Node></From><To><Node type="urn:com:soa:ObjectKey"><ObjectKey class="com.soa.scripts.ScriptKey">script:0ac70e56-f1f0-11e4-b945-869d084cbfc5</ObjectKey></Node></To></Link><Link type="service->operation:child"><From><Node type="urn:com:soa:ObjectKey"><ObjectKey class="com.soa.service.model.ServiceKey">uddi:9c07b8da-efb8-11e4-b945-869d084cbfc5</ObjectKey></Node></From><To><Node type="urn:com:soa:ObjectKey"><ObjectKey class="com.soa.service.operation.model.OperationKey">9c673e00-efb8-11e4-b945-869d084cbfc5</ObjectKey></Node></To></Link><Link type="virtualop->bpel:route"><From><Node type="urn:com:soa:ObjectKey"><ObjectKey class="com.soa.service.operation.model.OperationKey">9e8323a2-efb9-11e4-b945-869d084cbfc5</ObjectKey></Node></From><To><Node type="urn:com:soa:ObjectKey"><ObjectKey class="com.soa.bpel.BpelKey">bpel:9fa3d5e6-efb9-11e4-b945-869d084cbfc5</ObjectKey></Node></To></Link><Link type="org->service:child"><From><Node type="urn:com:soa:ObjectKey"><ObjectKey class="com.soa.organization.model.OrganizationKey">uddi:63922357-efb8-11e4-b945-869d084cbfc5</ObjectKey></Node></From><To><Node type="urn:com:soa:ObjectKey"><ObjectKey class="com.soa.service.model.ServiceKey">uddi:9c07b8da-efb8-11e4-b945-869d084cbfc5</ObjectKey></Node></To></Link><Link type="bpel->virtualop:routedBy"><From><Node type="urn:com:soa:ObjectKey"><ObjectKey class="com.soa.bpel.BpelKey">bpel:9fa3d5e6-efb9-11e4-b945-869d084cbfc5</ObjectKey></Node></From><To><Node type="urn:com:soa:ObjectKey"><ObjectKey class="com.soa.service.operation.model.OperationKey">9e8323a2-efb9-11e4-b945-869d084cbfc5</ObjectKey></Node></To></Link><Link type="service->operationalpolicy:ReferedBy"><From><Node type="urn:com:soa:ObjectKey"><ObjectKey class="com.soa.service.model.ServiceKey">uddi:9c91d075-efb8-11e4-b945-869d084cbfc5</ObjectKey></Node></From><To><Node type="urn:com:soa:ObjectKey"><ObjectKey class="com.soa.policy.config.model.PolicyKey">urn:uuid:09408b2a-efc8-11e4-b945-869d084cbfc5</ObjectKey></Node></To></Link><Link type="service->bndoperation:child"><From><Node type="urn:com:soa:ObjectKey"><ObjectKey class="com.soa.service.model.ServiceKey">uddi:9c91d075-efb8-11e4-b945-869d084cbfc5</ObjectKey></Node></From><To><Node type="urn:com:soa:ObjectKey"><ObjectKey class="com.soa.service.operation.model.BindingOperationQualifiedKey">{https://oauth.intuit.com/oauth/v1}Quickbooks_OAuth_1.0_API_vs0$$${https://oauth.intuit.com/oauth/v1}Quickbooks_OAuth_1.0_API_Binding$$$POST__get_access_token</ObjectKey></Node></To></Link><Link type="script->bpel:ReferedBy"><From><Node type="urn:com:soa:ObjectKey"><ObjectKey class="com.soa.scripts.ScriptKey">script:06f90a74-f141-11e4-b945-869d084cbfc5</ObjectKey></Node></From><To><Node type="urn:com:soa:ObjectKey"><ObjectKey class="com.soa.bpel.BpelKey">bpel:e8541f36-efba-11e4-b945-869d084cbfc5</ObjectKey></Node></To></Link><Link type="operationalpolicy->service:refer"><From><Node type="urn:com:soa:ObjectKey"><ObjectKey class="com.soa.policy.config.model.PolicyKey">urn:uuid:09408b2a-efc8-11e4-b945-869d084cbfc5</ObjectKey></Node></From><To><Node type="urn:com:soa:ObjectKey"><ObjectKey class="com.soa.service.model.ServiceKey">uddi:9c91d075-efb8-11e4-b945-869d084cbfc5</ObjectKey></Node></To></Link><Link type="bpel->script:refer"><From><Node type="urn:com:soa:ObjectKey"><ObjectKey class="com.soa.bpel.BpelKey">bpel:e8541f36-efba-11e4-b945-869d084cbfc5</ObjectKey></Node></From><To><Node type="urn:com:soa:ObjectKey"><ObjectKey class="com.soa.scripts.ScriptKey">script:06f90a74-f141-11e4-b945-869d084cbfc5</ObjectKey></Node></To></Link><Link type="operation->service:parent"><From><Node type="urn:com:soa:ObjectKey"><ObjectKey class="com.soa.service.operation.model.OperationKey">9c673e00-efb8-11e4-b945-869d084cbfc5</ObjectKey></Node></From><To><Node type="urn:com:soa:ObjectKey"><ObjectKey class="com.soa.service.model.ServiceKey">uddi:9c07b8da-efb8-11e4-b945-869d084cbfc5</ObjectKey></Node></To></Link><Link type="organization->script:ReferedBy"><From><Node type="urn:com:soa:ObjectKey"><ObjectKey class="com.soa.organization.model.OrganizationKey">uddi:63922357-efb8-11e4-b945-869d084cbfc5</ObjectKey></Node></From><To><Node type="urn:com:soa:ObjectKey"><ObjectKey class="com.soa.scripts.ScriptKey">script:0ac70e56-f1f0-11e4-b945-869d084cbfc5</ObjectKey></Node></To></Link><Link type="bpel->script:refer"><From><Node type="urn:com:soa:ObjectKey"><ObjectKey class="com.soa.bpel.BpelKey">bpel:f8741ea9-efc6-11e4-b945-869d084cbfc5</ObjectKey></Node></From><To><Node type="urn:com:soa:ObjectKey"><ObjectKey class="com.soa.scripts.ScriptKey">script:06f90a74-f141-11e4-b945-869d084cbfc5</ObjectKey></Node></To></Link><Link type="bpel->virtualop:routedBy"><From><Node type="urn:com:soa:ObjectKey"><ObjectKey class="com.soa.bpel.BpelKey">bpel:9d459020-efb8-11e4-b945-869d084cbfc5</ObjectKey></Node></From><To><Node type="urn:com:soa:ObjectKey"><ObjectKey class="com.soa.service.operation.model.OperationKey">9ce7dfba-efb8-11e4-b945-869d084cbfc5</ObjectKey></Node></To></Link><Link type="bpel->script:refer"><From><Node type="urn:com:soa:ObjectKey"><ObjectKey class="com.soa.bpel.BpelKey">bpel:9d6d1551-efb8-11e4-b945-869d084cbfc5</ObjectKey></Node></From><To><Node type="urn:com:soa:ObjectKey"><ObjectKey class="com.soa.scripts.ScriptKey">script:6d71e0e1-efbb-11e4-b945-869d084cbfc5</ObjectKey></Node></To></Link><Link type="virtualop->bpel:route"><From><Node type="urn:com:soa:ObjectKey"><ObjectKey class="com.soa.service.operation.model.OperationKey">9ce7dfba-efb8-11e4-b945-869d084cbfc5</ObjectKey></Node></From><To><Node type="urn:com:soa:ObjectKey"><ObjectKey class="com.soa.bpel.BpelKey">bpel:9d459020-efb8-11e4-b945-869d084cbfc5</ObjectKey></Node></To></Link><Link type="script->bpel:ReferedBy"><From><Node type="urn:com:soa:ObjectKey"><ObjectKey class="com.soa.scripts.ScriptKey">script:0ac70e56-f1f0-11e4-b945-869d084cbfc5</ObjectKey></Node></From><To><Node type="urn:com:soa:ObjectKey"><ObjectKey class="com.soa.bpel.BpelKey">bpel:f8741ea9-efc6-11e4-b945-869d084cbfc5</ObjectKey></Node></To></Link><Link type="contract->org:parent"><From><Node type="urn:com:soa:ObjectKey"><ObjectKey class="com.soa.contracts.ContractKey">76f5430b-efc8-11e4-b945-869d084cbfc5:1032</ObjectKey></Node></From><To><Node type="urn:com:soa:ObjectKey"><ObjectKey class="com.soa.organization.model.OrganizationKey">uddi:63922357-efb8-11e4-b945-869d084cbfc5</ObjectKey></Node></To></Link><Link type="script->bpel:ReferedBy"><From><Node type="urn:com:soa:ObjectKey"><ObjectKey class="com.soa.scripts.ScriptKey">script:2fec3a2e-f147-11e4-b945-869d084cbfc5</ObjectKey></Node></From><To><Node type="urn:com:soa:ObjectKey"><ObjectKey class="com.soa.bpel.BpelKey">bpel:f8741ea9-efc6-11e4-b945-869d084cbfc5</ObjectKey></Node></To></Link><Link type="operation->service:parent"><From><Node type="urn:com:soa:ObjectKey"><ObjectKey class="com.soa.service.operation.model.OperationKey">9eaa33a3-efb9-11e4-b945-869d084cbfc5</ObjectKey></Node></From><To><Node type="urn:com:soa:ObjectKey"><ObjectKey class="com.soa.service.model.ServiceKey">uddi:9c07b8da-efb8-11e4-b945-869d084cbfc5</ObjectKey></Node></To></Link><Link type="script->bpel:ReferedBy"><From><Node type="urn:com:soa:ObjectKey"><ObjectKey class="com.soa.scripts.ScriptKey">script:3a82d74e-efc0-11e4-b945-869d084cbfc5</ObjectKey></Node></From><To><Node type="urn:com:soa:ObjectKey"><ObjectKey class="com.soa.bpel.BpelKey">bpel:e8541f36-efba-11e4-b945-869d084cbfc5</ObjectKey></Node></To></Link><Link type="org->contract:child"><From><Node type="urn:com:soa:ObjectKey"><ObjectKey class="com.soa.organization.model.OrganizationKey">uddi:63922357-efb8-11e4-b945-869d084cbfc5</ObjectKey></Node></From><To><Node type="urn:com:soa:ObjectKey"><ObjectKey class="com.soa.contracts.ContractKey">76f5430b-efc8-11e4-b945-869d084cbfc5:1032</ObjectKey></Node></To></Link><Link type="script->bpel:ReferedBy"><From><Node type="urn:com:soa:ObjectKey"><ObjectKey class="com.soa.scripts.ScriptKey">script:6d71e0e1-efbb-11e4-b945-869d084cbfc5</ObjectKey></Node></From><To><Node type="urn:com:soa:ObjectKey"><ObjectKey class="com.soa.bpel.BpelKey">bpel:e8541f36-efba-11e4-b945-869d084cbfc5</ObjectKey></Node></To></Link><Link type="script->bpel:ReferedBy"><From><Node type="urn:com:soa:ObjectKey"><ObjectKey class="com.soa.scripts.ScriptKey">script:3a82d74e-efc0-11e4-b945-869d084cbfc5</ObjectKey></Node></From><To><Node type="urn:com:soa:ObjectKey"><ObjectKey class="com.soa.bpel.BpelKey">bpel:f8741ea9-efc6-11e4-b945-869d084cbfc5</ObjectKey></Node></To></Link><Link type="script->bpel:ReferedBy"><From><Node type="urn:com:soa:ObjectKey"><ObjectKey class="com.soa.scripts.ScriptKey">script:6d71e0e1-efbb-11e4-b945-869d084cbfc5</ObjectKey></Node></From><To><Node type="urn:com:soa:ObjectKey"><ObjectKey class="com.soa.bpel.BpelKey">bpel:f8741ea9-efc6-11e4-b945-869d084cbfc5</ObjectKey></Node></To></Link><Link type="process->process:refer"><From><Node type="urn:com:soa:ObjectKey"><ObjectKey class="com.soa.bpel.BpelKey">bpel:9fa3d5e6-efb9-11e4-b945-869d084cbfc5</ObjectKey></Node></From><To><Node type="urn:com:soa:ObjectKey"><ObjectKey class="com.soa.bpel.BpelKey">bpel:e8541f36-efba-11e4-b945-869d084cbfc5</ObjectKey></Node></To></Link><Link type="script->bpel:ReferedBy"><From><Node type="urn:com:soa:ObjectKey"><ObjectKey class="com.soa.scripts.ScriptKey">script:2fec3a2e-f147-11e4-b945-869d084cbfc5</ObjectKey></Node></From><To><Node type="urn:com:soa:ObjectKey"><ObjectKey class="com.soa.bpel.BpelKey">bpel:e8541f36-efba-11e4-b945-869d084cbfc5</ObjectKey></Node></To></Link><Link type="organization->script:ReferedBy"><From><Node type="urn:com:soa:ObjectKey"><ObjectKey class="com.soa.organization.model.OrganizationKey">uddi:63922357-efb8-11e4-b945-869d084cbfc5</ObjectKey></Node></From><To><Node type="urn:com:soa:ObjectKey"><ObjectKey class="com.soa.scripts.ScriptKey">script:6d71e0e1-efbb-11e4-b945-869d084cbfc5</ObjectKey></Node></To></Link><Link type="script->script:ReferedBy"><From><Node type="urn:com:soa:ObjectKey"><ObjectKey class="com.soa.scripts.ScriptKey">script:6d71e0e1-efbb-11e4-b945-869d084cbfc5</ObjectKey></Node></From><To><Node type="urn:com:soa:ObjectKey"><ObjectKey class="com.soa.scripts.ScriptKey">script:0ac70e56-f1f0-11e4-b945-869d084cbfc5</ObjectKey></Node></To></Link></Links></DepedendencyGraph>