<?xml version="1.0" encoding="UTF-8"?>
<VirtualServiceConfiguration LastUpdated="1430796664793" ServiceName="ns13:Quickbooks_API_Hook_vs0" xmlns="http://soa.com/capabilities/service/virtualization/bpel" xmlns:ns10="http://schemas.xmlsoap.org/ws/2003/03/business-process/" xmlns:ns11="http://soa.com/bpel/ext" xmlns:ns12="http://schemas.xmlsoap.org/ws/2003/05/partner-link/" xmlns:ns13="https://quickbooks.api.intuit.com/v3" xmlns:ns2="http://schemas.xmlsoap.org/ws/2006/02/addressingidentity" xmlns:ns3="http://www.w3.org/2000/09/xmldsig#" xmlns:ns4="http://docs.oasis-open.org/wss/2004/01/oasis-200401-wss-wssecurity-secext-1.0.xsd" xmlns:ns5="http://docs.oasis-open.org/wss/2004/01/oasis-200401-wss-wssecurity-utility-1.0.xsd" xmlns:ns6="http://schemas.xmlsoap.org/ws/2004/09/mex" xmlns:ns7="http://soa.com/capabilities/service/virtualization/bpel/activity" xmlns:ns8="http://www.w3.org/2001/04/xmlenc#" xmlns:ns9="http://federatedgovernance.org/mc/configuration/x509"><OutboundIdentityConfig><UseInboundIdentities xmlns:xs="http://www.w3.org/2001/XMLSchema" xmlns:xsi="http://www.w3.org/2001/XMLSchema-instance" xsi:type="xs:boolean">true</UseInboundIdentities><UseServiceIdentityForHTTPS>false</UseServiceIdentityForHTTPS></OutboundIdentityConfig><OperationImplementation InterfaceName="ns13:Quickbooks_API_Hook_PortType" LastUpdated="1430796664747" OperationName="GET__company__companyId__account__entityId_"><Process/><BindingHeaderInstructions><PreserveBindingHeaders>true</PreserveBindingHeaders></BindingHeaderInstructions><TransportHeaderInstructions><PreserveTransportHeaders>true</PreserveTransportHeaders></TransportHeaderInstructions></OperationImplementation><OperationImplementation InterfaceName="ns13:Quickbooks_API_Hook_PortType" LastUpdated="1430796664747" OperationName="GET__company__companyId__attachable__entityId_"><Process/><BindingHeaderInstructions><PreserveBindingHeaders>true</PreserveBindingHeaders></BindingHeaderInstructions><TransportHeaderInstructions><PreserveTransportHeaders>true</PreserveTransportHeaders></TransportHeaderInstructions></OperationImplementation><OperationImplementation InterfaceName="ns13:Quickbooks_API_Hook_PortType" LastUpdated="1430796664747" OperationName="GET__company__companyId__bill__entityId_"><Process/><BindingHeaderInstructions><PreserveBindingHeaders>true</PreserveBindingHeaders></BindingHeaderInstructions><TransportHeaderInstructions><PreserveTransportHeaders>true</PreserveTransportHeaders></TransportHeaderInstructions></OperationImplementation><OperationImplementation InterfaceName="ns13:Quickbooks_API_Hook_PortType" LastUpdated="1430796664747" OperationName="GET__company__companyId__billpayment__entityId_"><Process/><BindingHeaderInstructions><PreserveBindingHeaders>true</PreserveBindingHeaders></BindingHeaderInstructions><TransportHeaderInstructions><PreserveTransportHeaders>true</PreserveTransportHeaders></TransportHeaderInstructions></OperationImplementation><OperationImplementation InterfaceName="ns13:Quickbooks_API_Hook_PortType" LastUpdated="1430796664747" OperationName="GET__company__companyId__class__entityId_"><Process/><BindingHeaderInstructions><PreserveBindingHeaders>true</PreserveBindingHeaders></BindingHeaderInstructions><TransportHeaderInstructions><PreserveTransportHeaders>true</PreserveTransportHeaders></TransportHeaderInstructions></OperationImplementation><OperationImplementation InterfaceName="ns13:Quickbooks_API_Hook_PortType" LastUpdated="1430796664747" OperationName="GET__company__companyId__companyinfo__companyid_"><Process/><BindingHeaderInstructions><PreserveBindingHeaders>true</PreserveBindingHeaders></BindingHeaderInstructions><TransportHeaderInstructions><PreserveTransportHeaders>true</PreserveTransportHeaders></TransportHeaderInstructions></OperationImplementation><OperationImplementation InterfaceName="ns13:Quickbooks_API_Hook_PortType" LastUpdated="1430796664747" OperationName="GET__company__companyId__creditmemo__entityId_"><Process/><BindingHeaderInstructions><PreserveBindingHeaders>true</PreserveBindingHeaders></BindingHeaderInstructions><TransportHeaderInstructions><PreserveTransportHeaders>true</PreserveTransportHeaders></TransportHeaderInstructions></OperationImplementation><OperationImplementation InterfaceName="ns13:Quickbooks_API_Hook_PortType" LastUpdated="1430796664747" OperationName="GET__company__companyId__customer__entityId_"><Process/><BindingHeaderInstructions><PreserveBindingHeaders>true</PreserveBindingHeaders></BindingHeaderInstructions><TransportHeaderInstructions><PreserveTransportHeaders>true</PreserveTransportHeaders></TransportHeaderInstructions></OperationImplementation><OperationImplementation InterfaceName="ns13:Quickbooks_API_Hook_PortType" LastUpdated="1430796664747" OperationName="GET__company__companyId__department__entityId_"><Process/><BindingHeaderInstructions><PreserveBindingHeaders>true</PreserveBindingHeaders></BindingHeaderInstructions><TransportHeaderInstructions><PreserveTransportHeaders>true</PreserveTransportHeaders></TransportHeaderInstructions></OperationImplementation><OperationImplementation InterfaceName="ns13:Quickbooks_API_Hook_PortType" LastUpdated="1430796664747" OperationName="GET__company__companyId__employee__entityId_"><Process/><BindingHeaderInstructions><PreserveBindingHeaders>true</PreserveBindingHeaders></BindingHeaderInstructions><TransportHeaderInstructions><PreserveTransportHeaders>true</PreserveTransportHeaders></TransportHeaderInstructions></OperationImplementation><OperationImplementation InterfaceName="ns13:Quickbooks_API_Hook_PortType" LastUpdated="1430796664747" OperationName="GET__company__companyId__estimate__entityId_"><Process/><BindingHeaderInstructions><PreserveBindingHeaders>true</PreserveBindingHeaders></BindingHeaderInstructions><TransportHeaderInstructions><PreserveTransportHeaders>true</PreserveTransportHeaders></TransportHeaderInstructions></OperationImplementation><OperationImplementation InterfaceName="ns13:Quickbooks_API_Hook_PortType" LastUpdated="1430796664747" OperationName="GET__company__companyId__invoice__entityId_"><Process/><BindingHeaderInstructions><PreserveBindingHeaders>true</PreserveBindingHeaders></BindingHeaderInstructions><TransportHeaderInstructions><PreserveTransportHeaders>true</PreserveTransportHeaders></TransportHeaderInstructions></OperationImplementation><OperationImplementation InterfaceName="ns13:Quickbooks_API_Hook_PortType" LastUpdated="1430796664747" OperationName="GET__company__companyId__item__entityId_"><Process/><BindingHeaderInstructions><PreserveBindingHeaders>true</PreserveBindingHeaders></BindingHeaderInstructions><TransportHeaderInstructions><PreserveTransportHeaders>true</PreserveTransportHeaders></TransportHeaderInstructions></OperationImplementation><OperationImplementation InterfaceName="ns13:Quickbooks_API_Hook_PortType" LastUpdated="1430796664747" OperationName="GET__company__companyId__journalentry__entityId_"><Process/><BindingHeaderInstructions><PreserveBindingHeaders>true</PreserveBindingHeaders></BindingHeaderInstructions><TransportHeaderInstructions><PreserveTransportHeaders>true</PreserveTransportHeaders></TransportHeaderInstructions></OperationImplementation><OperationImplementation InterfaceName="ns13:Quickbooks_API_Hook_PortType" LastUpdated="1430796664747" OperationName="GET__company__companyId__payment__entityId_"><Process/><BindingHeaderInstructions><PreserveBindingHeaders>true</PreserveBindingHeaders></BindingHeaderInstructions><TransportHeaderInstructions><PreserveTransportHeaders>true</PreserveTransportHeaders></TransportHeaderInstructions></OperationImplementation><OperationImplementation InterfaceName="ns13:Quickbooks_API_Hook_PortType" LastUpdated="1430796664747" OperationName="GET__company__companyId__paymentmethod__entityId_"><Process/><BindingHeaderInstructions><PreserveBindingHeaders>true</PreserveBindingHeaders></BindingHeaderInstructions><TransportHeaderInstructions><PreserveTransportHeaders>true</PreserveTransportHeaders></TransportHeaderInstructions></OperationImplementation><OperationImplementation InterfaceName="ns13:Quickbooks_API_Hook_PortType" LastUpdated="1430796664747" OperationName="GET__company__companyId__preferences__entityId_"><Process/><BindingHeaderInstructions><PreserveBindingHeaders>true</PreserveBindingHeaders></BindingHeaderInstructions><TransportHeaderInstructions><PreserveTransportHeaders>true</PreserveTransportHeaders></TransportHeaderInstructions></OperationImplementation><OperationImplementation InterfaceName="ns13:Quickbooks_API_Hook_PortType" LastUpdated="1430796664747" OperationName="GET__company__companyId__purchase__entityId_"><Process/><BindingHeaderInstructions><PreserveBindingHeaders>true</PreserveBindingHeaders></BindingHeaderInstructions><TransportHeaderInstructions><PreserveTransportHeaders>true</PreserveTransportHeaders></TransportHeaderInstructions></OperationImplementation><OperationImplementation InterfaceName="ns13:Quickbooks_API_Hook_PortType" LastUpdated="1430796664747" OperationName="GET__company__companyId__purchaseorder__entityId_"><Process/><BindingHeaderInstructions><PreserveBindingHeaders>true</PreserveBindingHeaders></BindingHeaderInstructions><TransportHeaderInstructions><PreserveTransportHeaders>true</PreserveTransportHeaders></TransportHeaderInstructions></OperationImplementation><OperationImplementation InterfaceName="ns13:Quickbooks_API_Hook_PortType" LastUpdated="1430796664747" OperationName="GET__company__companyId__query"><Process/><BindingHeaderInstructions><PreserveBindingHeaders>true</PreserveBindingHeaders></BindingHeaderInstructions><TransportHeaderInstructions><PreserveTransportHeaders>true</PreserveTransportHeaders></TransportHeaderInstructions></OperationImplementation><OperationImplementation InterfaceName="ns13:Quickbooks_API_Hook_PortType" LastUpdated="1430796664747" OperationName="GET__company__companyId__refundreceipt__entityId_"><Process/><BindingHeaderInstructions><PreserveBindingHeaders>true</PreserveBindingHeaders></BindingHeaderInstructions><TransportHeaderInstructions><PreserveTransportHeaders>true</PreserveTransportHeaders></TransportHeaderInstructions></OperationImplementation><OperationImplementation InterfaceName="ns13:Quickbooks_API_Hook_PortType" LastUpdated="1430796664747" OperationName="GET__company__companyId__reports__reportType_"><Process/><BindingHeaderInstructions><PreserveBindingHeaders>true</PreserveBindingHeaders></BindingHeaderInstructions><TransportHeaderInstructions><PreserveTransportHeaders>true</PreserveTransportHeaders></TransportHeaderInstructions></OperationImplementation><OperationImplementation InterfaceName="ns13:Quickbooks_API_Hook_PortType" LastUpdated="1430796664747" OperationName="GET__company__companyId__salesreceipt__entityId_"><Process/><BindingHeaderInstructions><PreserveBindingHeaders>true</PreserveBindingHeaders></BindingHeaderInstructions><TransportHeaderInstructions><PreserveTransportHeaders>true</PreserveTransportHeaders></TransportHeaderInstructions></OperationImplementation><OperationImplementation InterfaceName="ns13:Quickbooks_API_Hook_PortType" LastUpdated="1430796664747" OperationName="GET__company__companyId__taxagency__entityId_"><Process/><BindingHeaderInstructions><PreserveBindingHeaders>true</PreserveBindingHeaders></BindingHeaderInstructions><TransportHeaderInstructions><PreserveTransportHeaders>true</PreserveTransportHeaders></TransportHeaderInstructions></OperationImplementation><OperationImplementation InterfaceName="ns13:Quickbooks_API_Hook_PortType" LastUpdated="1430796664747" OperationName="GET__company__companyId__taxcode__entityId_"><Process/><BindingHeaderInstructions><PreserveBindingHeaders>true</PreserveBindingHeaders></BindingHeaderInstructions><TransportHeaderInstructions><PreserveTransportHeaders>true</PreserveTransportHeaders></TransportHeaderInstructions></OperationImplementation><OperationImplementation InterfaceName="ns13:Quickbooks_API_Hook_PortType" LastUpdated="1430796664747" OperationName="GET__company__companyId__taxrate__entityId_"><Process/><BindingHeaderInstructions><PreserveBindingHeaders>true</PreserveBindingHeaders></BindingHeaderInstructions><TransportHeaderInstructions><PreserveTransportHeaders>true</PreserveTransportHeaders></TransportHeaderInstructions></OperationImplementation><OperationImplementation InterfaceName="ns13:Quickbooks_API_Hook_PortType" LastUpdated="1430796664747" OperationName="GET__company__companyId__term__entityId_"><Process/><BindingHeaderInstructions><PreserveBindingHeaders>true</PreserveBindingHeaders></BindingHeaderInstructions><TransportHeaderInstructions><PreserveTransportHeaders>true</PreserveTransportHeaders></TransportHeaderInstructions></OperationImplementation><OperationImplementation InterfaceName="ns13:Quickbooks_API_Hook_PortType" LastUpdated="1430796664747" OperationName="GET__company__companyId__timeactivity__entityId_"><Process/><BindingHeaderInstructions><PreserveBindingHeaders>true</PreserveBindingHeaders></BindingHeaderInstructions><TransportHeaderInstructions><PreserveTransportHeaders>true</PreserveTransportHeaders></TransportHeaderInstructions></OperationImplementation><OperationImplementation InterfaceName="ns13:Quickbooks_API_Hook_PortType" LastUpdated="1430796664747" OperationName="GET__company__companyId__vendor__entityId_"><Process/><BindingHeaderInstructions><PreserveBindingHeaders>true</PreserveBindingHeaders></BindingHeaderInstructions><TransportHeaderInstructions><PreserveTransportHeaders>true</PreserveTransportHeaders></TransportHeaderInstructions></OperationImplementation><OperationImplementation InterfaceName="ns13:Quickbooks_API_Hook_PortType" LastUpdated="1430796664747" OperationName="GET__company__companyId__vendorcredit__entityId_"><Process/><BindingHeaderInstructions><PreserveBindingHeaders>true</PreserveBindingHeaders></BindingHeaderInstructions><TransportHeaderInstructions><PreserveTransportHeaders>true</PreserveTransportHeaders></TransportHeaderInstructions></OperationImplementation><OperationImplementation InterfaceName="ns13:Quickbooks_API_Hook_PortType" LastUpdated="1430796664747" OperationName="POST__company__companyId__account"><Process/><BindingHeaderInstructions><PreserveBindingHeaders>true</PreserveBindingHeaders></BindingHeaderInstructions><TransportHeaderInstructions><PreserveTransportHeaders>true</PreserveTransportHeaders></TransportHeaderInstructions></OperationImplementation><OperationImplementation InterfaceName="ns13:Quickbooks_API_Hook_PortType" LastUpdated="1430796664747" OperationName="POST__company__companyId__attachable"><Process/><BindingHeaderInstructions><PreserveBindingHeaders>true</PreserveBindingHeaders></BindingHeaderInstructions><TransportHeaderInstructions><PreserveTransportHeaders>true</PreserveTransportHeaders></TransportHeaderInstructions></OperationImplementation><OperationImplementation InterfaceName="ns13:Quickbooks_API_Hook_PortType" LastUpdated="1430796664747" OperationName="POST__company__companyId__bill"><Process/><BindingHeaderInstructions><PreserveBindingHeaders>true</PreserveBindingHeaders></BindingHeaderInstructions><TransportHeaderInstructions><PreserveTransportHeaders>true</PreserveTransportHeaders></TransportHeaderInstructions></OperationImplementation><OperationImplementation InterfaceName="ns13:Quickbooks_API_Hook_PortType" LastUpdated="1430796664747" OperationName="POST__company__companyId__billpayment"><Process/><BindingHeaderInstructions><PreserveBindingHeaders>true</PreserveBindingHeaders></BindingHeaderInstructions><TransportHeaderInstructions><PreserveTransportHeaders>true</PreserveTransportHeaders></TransportHeaderInstructions></OperationImplementation><OperationImplementation InterfaceName="ns13:Quickbooks_API_Hook_PortType" LastUpdated="1430796664747" OperationName="POST__company__companyId__class"><Process/><BindingHeaderInstructions><PreserveBindingHeaders>true</PreserveBindingHeaders></BindingHeaderInstructions><TransportHeaderInstructions><PreserveTransportHeaders>true</PreserveTransportHeaders></TransportHeaderInstructions></OperationImplementation><OperationImplementation InterfaceName="ns13:Quickbooks_API_Hook_PortType" LastUpdated="1430796664747" OperationName="POST__company__companyId__creditmemo"><Process/><BindingHeaderInstructions><PreserveBindingHeaders>true</PreserveBindingHeaders></BindingHeaderInstructions><TransportHeaderInstructions><PreserveTransportHeaders>true</PreserveTransportHeaders></TransportHeaderInstructions></OperationImplementation><OperationImplementation InterfaceName="ns13:Quickbooks_API_Hook_PortType" LastUpdated="1430796664747" OperationName="POST__company__companyId__customer"><Process/><BindingHeaderInstructions><PreserveBindingHeaders>true</PreserveBindingHeaders></BindingHeaderInstructions><TransportHeaderInstructions><PreserveTransportHeaders>true</PreserveTransportHeaders></TransportHeaderInstructions></OperationImplementation><OperationImplementation InterfaceName="ns13:Quickbooks_API_Hook_PortType" LastUpdated="1430796664747" OperationName="POST__company__companyId__department"><Process/><BindingHeaderInstructions><PreserveBindingHeaders>true</PreserveBindingHeaders></BindingHeaderInstructions><TransportHeaderInstructions><PreserveTransportHeaders>true</PreserveTransportHeaders></TransportHeaderInstructions></OperationImplementation><OperationImplementation InterfaceName="ns13:Quickbooks_API_Hook_PortType" LastUpdated="1430796664747" OperationName="POST__company__companyId__employee"><Process/><BindingHeaderInstructions><PreserveBindingHeaders>true</PreserveBindingHeaders></BindingHeaderInstructions><TransportHeaderInstructions><PreserveTransportHeaders>true</PreserveTransportHeaders></TransportHeaderInstructions></OperationImplementation><OperationImplementation InterfaceName="ns13:Quickbooks_API_Hook_PortType" LastUpdated="1430796664747" OperationName="POST__company__companyId__estimate"><Process/><BindingHeaderInstructions><PreserveBindingHeaders>true</PreserveBindingHeaders></BindingHeaderInstructions><TransportHeaderInstructions><PreserveTransportHeaders>true</PreserveTransportHeaders></TransportHeaderInstructions></OperationImplementation><OperationImplementation InterfaceName="ns13:Quickbooks_API_Hook_PortType" LastUpdated="1430796664747" OperationName="POST__company__companyId__invoice"><Process/><BindingHeaderInstructions><PreserveBindingHeaders>true</PreserveBindingHeaders></BindingHeaderInstructions><TransportHeaderInstructions><PreserveTransportHeaders>true</PreserveTransportHeaders></TransportHeaderInstructions></OperationImplementation><OperationImplementation InterfaceName="ns13:Quickbooks_API_Hook_PortType" LastUpdated="1430796664747" OperationName="POST__company__companyId__item"><Process/><BindingHeaderInstructions><PreserveBindingHeaders>true</PreserveBindingHeaders></BindingHeaderInstructions><TransportHeaderInstructions><PreserveTransportHeaders>true</PreserveTransportHeaders></TransportHeaderInstructions></OperationImplementation><OperationImplementation InterfaceName="ns13:Quickbooks_API_Hook_PortType" LastUpdated="1430796664747" OperationName="POST__company__companyId__journalentry"><Process/><BindingHeaderInstructions><PreserveBindingHeaders>true</PreserveBindingHeaders></BindingHeaderInstructions><TransportHeaderInstructions><PreserveTransportHeaders>true</PreserveTransportHeaders></TransportHeaderInstructions></OperationImplementation><OperationImplementation InterfaceName="ns13:Quickbooks_API_Hook_PortType" LastUpdated="1430796664747" OperationName="POST__company__companyId__payment"><Process/><BindingHeaderInstructions><PreserveBindingHeaders>true</PreserveBindingHeaders></BindingHeaderInstructions><TransportHeaderInstructions><PreserveTransportHeaders>true</PreserveTransportHeaders></TransportHeaderInstructions></OperationImplementation><OperationImplementation InterfaceName="ns13:Quickbooks_API_Hook_PortType" LastUpdated="1430796664747" OperationName="POST__company__companyId__paymentmethod"><Process/><BindingHeaderInstructions><PreserveBindingHeaders>true</PreserveBindingHeaders></BindingHeaderInstructions><TransportHeaderInstructions><PreserveTransportHeaders>true</PreserveTransportHeaders></TransportHeaderInstructions></OperationImplementation><OperationImplementation InterfaceName="ns13:Quickbooks_API_Hook_PortType" LastUpdated="1430796664747" OperationName="POST__company__companyId__preferences"><Process/><BindingHeaderInstructions><PreserveBindingHeaders>true</PreserveBindingHeaders></BindingHeaderInstructions><TransportHeaderInstructions><PreserveTransportHeaders>true</PreserveTransportHeaders></TransportHeaderInstructions></OperationImplementation><OperationImplementation InterfaceName="ns13:Quickbooks_API_Hook_PortType" LastUpdated="1430796664747" OperationName="POST__company__companyId__purchase"><Process/><BindingHeaderInstructions><PreserveBindingHeaders>true</PreserveBindingHeaders></BindingHeaderInstructions><TransportHeaderInstructions><PreserveTransportHeaders>true</PreserveTransportHeaders></TransportHeaderInstructions></OperationImplementation><OperationImplementation InterfaceName="ns13:Quickbooks_API_Hook_PortType" LastUpdated="1430796664747" OperationName="POST__company__companyId__purchaseorder"><Process/><BindingHeaderInstructions><PreserveBindingHeaders>true</PreserveBindingHeaders></BindingHeaderInstructions><TransportHeaderInstructions><PreserveTransportHeaders>true</PreserveTransportHeaders></TransportHeaderInstructions></OperationImplementation><OperationImplementation InterfaceName="ns13:Quickbooks_API_Hook_PortType" LastUpdated="1430796664747" OperationName="POST__company__companyId__refundreceipt"><Process/><BindingHeaderInstructions><PreserveBindingHeaders>true</PreserveBindingHeaders></BindingHeaderInstructions><TransportHeaderInstructions><PreserveTransportHeaders>true</PreserveTransportHeaders></TransportHeaderInstructions></OperationImplementation><OperationImplementation InterfaceName="ns13:Quickbooks_API_Hook_PortType" LastUpdated="1430796664747" OperationName="POST__company__companyId__salesreceipt"><Process/><BindingHeaderInstructions><PreserveBindingHeaders>true</PreserveBindingHeaders></BindingHeaderInstructions><TransportHeaderInstructions><PreserveTransportHeaders>true</PreserveTransportHeaders></TransportHeaderInstructions></OperationImplementation><OperationImplementation InterfaceName="ns13:Quickbooks_API_Hook_PortType" LastUpdated="1430796664747" OperationName="POST__company__companyId__taxagency"><Process/><BindingHeaderInstructions><PreserveBindingHeaders>true</PreserveBindingHeaders></BindingHeaderInstructions><TransportHeaderInstructions><PreserveTransportHeaders>true</PreserveTransportHeaders></TransportHeaderInstructions></OperationImplementation><OperationImplementation InterfaceName="ns13:Quickbooks_API_Hook_PortType" LastUpdated="1430796664747" OperationName="POST__company__companyId__taxservice"><Process/><BindingHeaderInstructions><PreserveBindingHeaders>true</PreserveBindingHeaders></BindingHeaderInstructions><TransportHeaderInstructions><PreserveTransportHeaders>true</PreserveTransportHeaders></TransportHeaderInstructions></OperationImplementation><OperationImplementation InterfaceName="ns13:Quickbooks_API_Hook_PortType" LastUpdated="1430796664747" OperationName="POST__company__companyId__term"><Process/><BindingHeaderInstructions><PreserveBindingHeaders>true</PreserveBindingHeaders></BindingHeaderInstructions><TransportHeaderInstructions><PreserveTransportHeaders>true</PreserveTransportHeaders></TransportHeaderInstructions></OperationImplementation><OperationImplementation InterfaceName="ns13:Quickbooks_API_Hook_PortType" LastUpdated="1430796664747" OperationName="POST__company__companyId__timeactivity"><Process/><BindingHeaderInstructions><PreserveBindingHeaders>true</PreserveBindingHeaders></BindingHeaderInstructions><TransportHeaderInstructions><PreserveTransportHeaders>true</PreserveTransportHeaders></TransportHeaderInstructions></OperationImplementation><OperationImplementation InterfaceName="ns13:Quickbooks_API_Hook_PortType" LastUpdated="1430796664747" OperationName="POST__company__companyId__vendor"><Process/><BindingHeaderInstructions><PreserveBindingHeaders>true</PreserveBindingHeaders></BindingHeaderInstructions><TransportHeaderInstructions><PreserveTransportHeaders>true</PreserveTransportHeaders></TransportHeaderInstructions></OperationImplementation><OperationImplementation InterfaceName="ns13:Quickbooks_API_Hook_PortType" LastUpdated="1430796664747" OperationName="POST__company__companyId__vendorcredit"><Process/><BindingHeaderInstructions><PreserveBindingHeaders>true</PreserveBindingHeaders></BindingHeaderInstructions><TransportHeaderInstructions><PreserveTransportHeaders>true</PreserveTransportHeaders></TransportHeaderInstructions></OperationImplementation></VirtualServiceConfiguration>